"Age range","Date","Gender","Latitude","Legislation","Longitude","Object of search","Officer-defined ethnicity","Outcome","Outcome linked to object of search","Part of a policing operation","Policing operation","Removal of more than just outer clothing","Self-defined ethnicity","Type"
"10-17","2026-06-01T00:35:00+00:00","Male","51.927688","Police and Criminal Evidence Act 1984 (section 1)","-1.255756","Stolen goods","Black","A no further action disposal","","False","","False","Other ethnic group - Not stated","Person search"
"","2026-06-01T01:15:00+00:00","Male","51.743888","Misuse of Drugs Act 1971 (section 23)","-1.230144","Controlled drugs","Black","A no further action disposal","","False","","False","Other ethnic group - Not stated","Person and Vehicle search"
"","2026-06-01T01:15:00+00:00","Male","51.743167","Misuse of Drugs Act 1971 (section 23)","-1.229896","Controlled drugs","Black","A no further action disposal","","False","","False","Other ethnic group - Not stated","Person search"
"18-24","2026-06-01T01:42:00+00:00","Male","51.742299","Misuse of Drugs Act 1971 (section 23)","-1.227724","Controlled drugs","Black","A no further action disposal","","False","","False","Other ethnic group - Not stated","Person and Vehicle search"
"10-17","2026-06-01T02:01:00+00:00","Female","51.821675","Police and Criminal Evidence Act 1984 (section 1)","-0.815980","Offensive weapons","Black","A no further action disposal","","False","","False","Other ethnic group - Not stated","Person search"
"10-17","2026-06-01T04:09:00+00:00","Male","51.521333","Police and Criminal Evidence Act 1984 (section 1)","-0.616774","Offensive weapons","White","A no further action disposal","","False","","False","White - English/Welsh/Scottish/Northern Irish/British","Person search"
"over 34","2026-06-01T08:30:00+00:00","Male","51.507187","Misuse of Drugs Act 1971 (section 23)","-0.597664","Controlled drugs","Asian","A no further action disposal","","False","","False","Asian/Asian British - Any other Asian background","Person and Vehicle search"
"10-17","2026-06-01T10:27:00+00:00","Male","51.517209","Misuse of Drugs Act 1971 (section 23)","-0.643995","Controlled drugs","White","Arrest","True","False","","False","White - English/Welsh/Scottish/Northern Irish/British","Person search"
"10-17","2026-06-01T10:45:00+00:00","Male","51.517233","Police and Criminal Evidence Act 1984 (section 1)","-0.642928","Offensive weapons","Black","A no further action disposal","","False","","False","Other ethnic group - Not stated","Person search"
"over 34","2026-06-01T11:16:00+00:00","Female","51.632381","Police and Criminal Evidence Act 1984 (section 1)","-0.755606","Stolen goods","White","A no further action disposal","","False","","False","White - Any other White background","Person search"
"10-17","2026-06-01T11:31:00+00:00","Male","51.517233","Police and Criminal Evidence Act 1984 (section 1)","-0.642928","Offensive weapons","Black","A no further action disposal","","False","","False","Black/African/Caribbean/Black British - Any other Black/African/Caribbean background","Person search"
"18-24","2026-06-01T11:32:00+00:00","Male","","Misuse of Drugs Act 1971 (section 23)","","Controlled drugs","White","A no further action disposal","","False","","False","White - English/Welsh/Scottish/Northern Irish/British","Person and Vehicle search"
"10-17","2026-06-01T11:45:00+00:00","Male","51.774594","Misuse of Drugs Act 1971 (section 23)","-1.237072","Controlled drugs","Black","Arrest","True","False","","False","Mixed/Multiple ethnic groups - White and Black Caribbean","Person search"
"over 34","2026-06-01T11:45:00+00:00","Male","","Misuse of Drugs Act 1971 (section 23)","","Controlled drugs","Black","A no further action disposal","","False","","False","Black/African/Caribbean/Black British - Caribbean","Person search"
"25-34","2026-06-01T12:00:00+00:00","Female","51.522753","Police and Criminal Evidence Act 1984 (section 1)","-0.603816","Stolen goods","White","A no further action disposal","","False","","False","Other ethnic group - Not stated","Person search"
"10-17","2026-06-01T12:10:00+00:00","Male","52.028997","Misuse of Drugs Act 1971 (section 23)","-0.756697","Controlled drugs","Black","A no further action disposal","","False","","False","Mixed/Multiple ethnic groups - White and Black Caribbean","Person search"
"18-24","2026-06-01T12:13:00+00:00","Male","51.444462","Misuse of Drugs Act 1971 (section 23)","-1.015007","Controlled drugs","White","A no further action disposal","","False","","False","Other ethnic group - Not stated","Person and Vehicle search"
"18-24","2026-06-01T12:15:00+00:00","Male","51.444765","Misuse of Drugs Act 1971 (section 23)","-1.016770","Controlled drugs","White","A no further action disposal","","False","","False","White - English/Welsh/Scottish/Northern Irish/British","Person and Vehicle search"
"over 34","2026-06-01T12:15:00+00:00","Male","51.522753","Police and Criminal Evidence Act 1984 (section 1)","-0.603816","Stolen goods","White","A no further action disposal","","False","","False","Other ethnic group - Not stated","Person and Vehicle search"
"","2026-06-01T12:45:00+00:00","","51.449672","Misuse of Drugs Act 1971 (section 23)","-1.027328","Controlled drugs","","","","False","","","","Vehicle search"
"18-24","2026-06-01T13:00:00+00:00","Male","51.515031","Misuse of Drugs Act 1971 (section 23)","-0.632199","Controlled drugs","Asian","Community resolution","True","False","","False","Asian/Asian British - Pakistani","Person and Vehicle search"
"over 34","2026-06-01T13:27:00+00:00","Male","52.009141","Police and Criminal Evidence Act 1984 (section 1)","-0.737797","Stolen goods","Asian","A no further action disposal","","False","","False","Other ethnic group - Any other ethnic group","Person search"
"25-34","2026-06-01T13:56:00+00:00","Male","51.943142","Misuse of Drugs Act 1971 (section 23)","-0.880609","Controlled drugs","White","Caution (simple or conditional)","True","False","","False","White - English/Welsh/Scottish/Northern Irish/British","Person search"
"18-24","2026-06-01T14:00:00+00:00","Male","51.943142","Misuse of Drugs Act 1971 (section 23)","-0.880609","Controlled drugs","White","Community resolution","True","False","","False","White - English/Welsh/Scottish/Northern Irish/British","Person search"
"25-34","2026-06-01T14:45:00+00:00","Male","51.460106","Misuse of Drugs Act 1971 (section 23)","-0.889916","Controlled drugs","Asian","Community resolution","True","False","","False","Asian/Asian British - Indian","Person and Vehicle search"
"18-24","2026-06-01T14:58:00+00:00","Female","51.420400","Police and Criminal Evidence Act 1984 (section 1)","-0.831870","Offensive weapons","Asian","A no further action disposal","","False","","False","Other ethnic group - Not stated","Person search"
"10-17","2026-06-01T15:10:00+00:00","Male","52.027983","Police and Criminal Evidence Act 1984 (section 1)","-0.752142","Offensive weapons","White","A no further action disposal","","False","","False","White - English/Welsh/Scottish/Northern Irish/British","Person search"
"10-17","2026-06-01T15:11:00+00:00","Male","52.026814","Police and Criminal Evidence Act 1984 (section 1)","-0.752618","Offensive weapons","White","A no further action disposal","","False","","False","White - English/Welsh/Scottish/Northern Irish/British","Person search"
"10-17","2026-06-01T15:15:00+00:00","Male","52.029838","Police and Criminal Evidence Act 1984 (section 1)","-0.745304","Offensive weapons","Other","A no further action disposal","","False","","False","Other ethnic group - Not stated","Person search"
"10-17","2026-06-01T15:27:00+00:00","Male","52.026814","Police and Criminal Evidence Act 1984 (section 1)","-0.752618","Offensive weapons","Black","A no further action disposal","","False","","False","Black/African/Caribbean/Black British - African","Person search"
"over 34","2026-06-01T15:50:00+00:00","Male","51.506541","Police and Criminal Evidence Act 1984 (section 1)","-0.585796","Article for use in theft","White","A no further action disposal","","False","","False","White - English/Welsh/Scottish/Northern Irish/British","Person search"
"over 34","2026-06-01T16:11:00+00:00","Male","52.826700","Misuse of Drugs Act 1971 (section 23)","-0.738398","Controlled drugs","White","A no further action disposal","","False","","False","White - English/Welsh/Scottish/Northern Irish/British","Person search"
"over 34","2026-06-01T16:11:00+00:00","Male","52.015856","Misuse of Drugs Act 1971 (section 23)","-0.732609","Controlled drugs","White","A no further action disposal","","False","","False","White - English/Welsh/Scottish/Northern Irish/British","Person search"
"over 34","2026-06-01T16:20:00+00:00","Female","51.510907","Police and Criminal Evidence Act 1984 (section 1)","-0.590733","Stolen goods","White","Arrest","True","False","","False","White - Any other White background","Person search"
"18-24","2026-06-01T16:43:00+00:00","Male","51.441528","Police and Criminal Evidence Act 1984 (section 1)","-0.923676","Offensive weapons","White","A no further action disposal","","False","","False","White - English/Welsh/Scottish/Northern Irish/British","Person search"
"over 34","2026-06-01T16:50:00+00:00","Female","51.640230","Misuse of Drugs Act 1971 (section 23)","-1.514990","Controlled drugs","White","A no further action disposal","","False","","False","White - English/Welsh/Scottish/Northern Irish/British","Person and Vehicle search"
"10-17","2026-06-01T17:10:00+00:00","Male","52.029135","Police and Criminal Evidence Act 1984 (section 1)","-0.767247","Articles for use in criminal damage","White","A no further action disposal","","False","","False","White - English/Welsh/Scottish/Northern Irish/British","Person search"
"10-17","2026-06-01T17:15:00+00:00","Male","52.027665","Police and Criminal Evidence Act 1984 (section 1)","-0.763453","Articles for use in criminal damage","White","A no further action disposal","","False","","False","White - English/Welsh/Scottish/Northern Irish/British","Person search"
"10-17","2026-06-01T17:50:00+00:00","Male","51.713226","Police and Criminal Evidence Act 1984 (section 1)","-0.610437","Offensive weapons","White","A no further action disposal","","False","","False","White - English/Welsh/Scottish/Northern Irish/British","Person search"
"10-17","2026-06-01T17:55:00+00:00","Male","51.712866","Police and Criminal Evidence Act 1984 (section 1)","-0.615731","Offensive weapons","White","A no further action disposal","","False","","False","White - English/Welsh/Scottish/Northern Irish/British","Person search"
"10-17","2026-06-01T17:55:00+00:00","Male","51.713226","Police and Criminal Evidence Act 1984 (section 1)","-0.610437","Offensive weapons","White","A no further action disposal","","False","","False","White - English/Welsh/Scottish/Northern Irish/British","Person search"
"10-17","2026-06-01T17:55:00+00:00","Male","51.713226","Police and Criminal Evidence Act 1984 (section 1)","-0.610437","Offensive weapons","White","A no further action disposal","","False","","False","White - English/Welsh/Scottish/Northern Irish/British","Person search"
"18-24","2026-06-01T18:00:00+00:00","Other","51.751487","Misuse of Drugs Act 1971 (section 23)","-1.248427","Controlled drugs","White","A no further action disposal","","False","","False","White - English/Welsh/Scottish/Northern Irish/British","Person search"
"10-17","2026-06-01T19:30:00+00:00","Male","51.464544","Police and Criminal Evidence Act 1984 (section 1)","-0.978528","Stolen goods","White","A no further action disposal","","False","","False","Other ethnic group - Not stated","Person search"
"over 34","2026-06-01T22:21:00+00:00","Male","51.987987","Misuse of Drugs Act 1971 (section 23)","-0.971995","Controlled drugs","White","Arrest","True","False","","False","White - English/Welsh/Scottish/Northern Irish/British","Person search"
"18-24","2026-06-02T00:30:00+00:00","Female","51.866162","Misuse of Drugs Act 1971 (section 23)","-1.478074","Controlled drugs","White","Community resolution","True","False","","False","White - English/Welsh/Scottish/Northern Irish/British","Person and Vehicle search"
"18-24","2026-06-02T00:34:00+00:00","Male","51.625064","Police and Criminal Evidence Act 1984 (section 1)","-0.736390","Stolen goods","White","A no further action disposal","","False","","False","Other ethnic group - Not stated","Person search"
"over 34","2026-06-02T06:06:00+00:00","Male","51.536465","Misuse of Drugs Act 1971 (section 23)","-0.649810","Controlled drugs","White","Arrest","True","False","","False","White - Any other White background","Person and Vehicle search"
"over 34","2026-06-02T07:32:00+00:00","Male","51.675685","Misuse of Drugs Act 1971 (section 23)","-0.590817","Controlled drugs","White","Arrest","True","False","","False","White - English/Welsh/Scottish/Northern Irish/British","Person search"
"over 34","2026-06-02T11:48:00+00:00","Male","51.509494","Misuse of Drugs Act 1971 (section 23)","-0.595114","Controlled drugs","Black","Community resolution","True","False","","False","Black/African/Caribbean/Black British - Caribbean","Person search"
"25-34","2026-06-02T12:15:00+00:00","Male","51.497624","Misuse of Drugs Act 1971 (section 23)","-0.604109","Controlled drugs","Asian","A no further action disposal","","False","","False","Asian/Asian British - Indian","Person and Vehicle search"
"","2026-06-02T12:44:00+00:00","","51.451826","Misuse of Drugs Act 1971 (section 23)","-1.026865","Controlled drugs","","","","False","","","","Vehicle search"
"","2026-06-02T13:00:00+00:00","Female","51.454543","Police and Criminal Evidence Act 1984 (section 1)","-0.977341","Stolen goods","White","A no further action disposal","","False","","False","Other ethnic group - Not stated","Person search"
"","2026-06-02T13:00:00+00:00","Female","51.454543","Police and Criminal Evidence Act 1984 (section 1)","-0.977341","Stolen goods","White","A no further action disposal","","False","","False","Other ethnic group - Not stated","Person search"
"","2026-06-02T13:00:00+00:00","Female","51.454543","Police and Criminal Evidence Act 1984 (section 1)","-0.977341","Stolen goods","White","A no further action disposal","","False","","False","Other ethnic group - Not stated","Person search"
"18-24","2026-06-02T13:30:00+00:00","Male","51.496874","Misuse of Drugs Act 1971 (section 23)","-0.622802","Controlled drugs","White","Community resolution","True","False","","False","White - Any other White background","Person and Vehicle search"
"25-34","2026-06-02T14:42:00+00:00","Male","52.047944","Misuse of Drugs Act 1971 (section 23)","-0.755991","Controlled drugs","White","Community resolution","True","False","","False","White - English/Welsh/Scottish/Northern Irish/British","Person search"
"10-17","2026-06-02T14:50:00+00:00","Female","51.605781","Police and Criminal Evidence Act 1984 (section 1)","-1.230243","Stolen goods","White","Community resolution","True","False","","False","White - Any other White background","Person search"
"25-34","2026-06-02T15:40:00+00:00","Female","52.046331","Police and Criminal Evidence Act 1984 (section 1)","-0.726338","Stolen goods","Black","A no further action disposal","","False","","False","Mixed/Multiple ethnic groups - White and Black Caribbean","Person search"
"10-17","2026-06-02T15:47:00+00:00","Male","52.001729","Police and Criminal Evidence Act 1984 (section 1)","-0.795911","Offensive weapons","White","A no further action disposal","","False","","False","White - English/Welsh/Scottish/Northern Irish/British","Person search"
"25-34","2026-06-02T16:30:00+00:00","Male","50.901989","Misuse of Drugs Act 1971 (section 23)","-1.328580","Controlled drugs","Black","Arrest","True","False","","False","Black/African/Caribbean/Black British - African","Person and Vehicle search"
"25-34","2026-06-02T17:05:00+00:00","Female","52.000301","Misuse of Drugs Act 1971 (section 23)","-0.741789","Controlled drugs","Black","A no further action disposal","","False","","False","Mixed/Multiple ethnic groups - White and Black African","Person search"
"18-24","2026-06-02T17:20:00+00:00","Male","51.407181","Misuse of Drugs Act 1971 (section 23)","-1.260611","Controlled drugs","Black","A no further action disposal","","False","","True","Black/African/Caribbean/Black British - African","Person search"
"25-34","2026-06-02T17:45:00+00:00","Male","51.460057","Police and Criminal Evidence Act 1984 (section 1)","-0.956059","Stolen goods","White","A no further action disposal","","False","","False","White - English/Welsh/Scottish/Northern Irish/British","Person search"
"over 34","2026-06-02T17:50:00+00:00","Female","51.361402","Misuse of Drugs Act 1971 (section 23)","-1.260400","Controlled drugs","White","A no further action disposal","","False","","False","White - English/Welsh/Scottish/Northern Irish/British","Person and Vehicle search"
"18-24","2026-06-02T17:55:00+00:00","Male","52.072799","Misuse of Drugs Act 1971 (section 23)","-1.314829","Controlled drugs","Asian","A no further action disposal","","False","","False","Asian/Asian British - Pakistani","Person and Vehicle search"
"25-34","2026-06-02T17:57:00+00:00","Male","52.071397","Misuse of Drugs Act 1971 (section 23)","-1.329061","Controlled drugs","Asian","A no further action disposal","","False","","False","Other ethnic group - Not stated","Person and Vehicle search"
"over 34","2026-06-02T18:15:00+00:00","Male","51.399266","Police and Criminal Evidence Act 1984 (section 1)","-0.754768","Offensive weapons","White","A no further action disposal","","False","","False","White - English/Welsh/Scottish/Northern Irish/British","Person search"
"18-24","2026-06-02T18:35:00+00:00","Male","51.407947","Police and Criminal Evidence Act 1984 (section 1)","-1.253812","Offensive weapons","White","A no further action disposal","","False","","False","Other ethnic group - Not stated","Person search"
"10-17","2026-06-02T19:20:00+00:00","Male","51.407617","Misuse of Drugs Act 1971 (section 23)","-1.267030","Controlled drugs","White","Arrest","True","False","","True","White - English/Welsh/Scottish/Northern Irish/British","Person search"
"10-17","2026-06-02T20:00:00+00:00","Male","51.408253","Misuse of Drugs Act 1971 (section 23)","-1.266661","Controlled drugs","White","Arrest","True","False","","True","White - English/Welsh/Scottish/Northern Irish/British","Person search"
"","2026-06-02T20:00:00+00:00","","51.399266","Police and Criminal Evidence Act 1984 (section 1)","-0.754768","Offensive weapons","","","","False","","","","Vehicle search"
"10-17","2026-06-02T20:27:00+00:00","Female","51.650246","Police and Criminal Evidence Act 1984 (section 1)","-1.575561","Stolen goods","White","A no further action disposal","","False","","False","White - English/Welsh/Scottish/Northern Irish/British","Person search"
"","2026-06-02T20:40:00+00:00","Male","51.428637","Police and Criminal Evidence Act 1984 (section 1)","-0.966024","Article for use in theft","White","A no further action disposal","","False","","False","Other ethnic group - Not stated","Person search"
"25-34","2026-06-02T20:55:00+00:00","Male","51.752576","Misuse of Drugs Act 1971 (section 23)","-1.227737","Controlled drugs","White","Community resolution","True","False","","False","White - English/Welsh/Scottish/Northern Irish/British","Person search"
"25-34","2026-06-02T21:05:00+00:00","Male","","Misuse of Drugs Act 1971 (section 23)","","Controlled drugs","White","Community resolution","True","False","","False","White - English/Welsh/Scottish/Northern Irish/British","Person search"
"over 34","2026-06-02T21:16:00+00:00","Female","","Misuse of Drugs Act 1971 (section 23)","","Controlled drugs","White","A no further action disposal","","False","","False","White - English/Welsh/Scottish/Northern Irish/British","Person search"
"25-34","2026-06-02T21:20:00+00:00","Male","51.805566","Misuse of Drugs Act 1971 (section 23)","-1.273708","Controlled drugs","White","Arrest","True","False","","False","White - Any other White background","Person and Vehicle search"
"10-17","2026-06-03T00:07:00+00:00","Male","52.367438","Police and Criminal Evidence Act 1984 (section 1)","0.997614","Offensive weapons","White","A no further action disposal","","False","","False","White - English/Welsh/Scottish/Northern Irish/British","Person search"
"10-17","2026-06-03T00:15:00+00:00","Male","52.048647","Police and Criminal Evidence Act 1984 (section 1)","-0.683471","Offensive weapons","White","A no further action disposal","","False","","False","Other ethnic group - Not stated","Person search"
"over 34","2026-06-03T01:00:00+00:00","Male","52.036205","Misuse of Drugs Act 1971 (section 23)","-0.761556","Controlled drugs","Black","A no further action disposal","","False","","False","Black/African/Caribbean/Black British - African","Person search"
"over 34","2026-06-03T01:00:00+00:00","Male","52.036205","Misuse of Drugs Act 1971 (section 23)","-0.761556","Controlled drugs","Black","A no further action disposal","","False","","False","Black/African/Caribbean/Black British - African","Person search"
"","2026-06-03T01:08:00+00:00","Male","50.926390","Misuse of Drugs Act 1971 (section 23)","-1.386651","Controlled drugs","White","A no further action disposal","","False","","False","White - English/Welsh/Scottish/Northern Irish/British","Person search"
"over 34","2026-06-03T01:10:00+00:00","Male","52.032527","Misuse of Drugs Act 1971 (section 23)","-0.761483","Controlled drugs","Other","A no further action disposal","","False","","False","Other ethnic group - Not stated","Person search"
"over 34","2026-06-03T01:10:00+00:00","Male","52.032527","Misuse of Drugs Act 1971 (section 23)","-0.761483","Controlled drugs","Black","A no further action disposal","","False","","False","Black/African/Caribbean/Black British - African","Person and Vehicle search"
"25-34","2026-06-03T09:15:00+00:00","Male","51.567710","Police and Criminal Evidence Act 1984 (section 1)","-0.502882","Article for use in theft","White","A no further action disposal","","False","","False","Other ethnic group - Not stated","Person and Vehicle search"
"25-34","2026-06-03T09:15:00+00:00","Male","51.567710","Police and Criminal Evidence Act 1984 (section 1)","-0.502882","Stolen goods","White","Arrest","True","False","","False","White - Gypsy or Irish Traveller","Person and Vehicle search"
"25-34","2026-06-03T09:15:00+00:00","Male","51.567710","Police and Criminal Evidence Act 1984 (section 1)","-0.502882","Stolen goods","White","A no further action disposal","","False","","False","White - Irish","Person and Vehicle search"
"18-24","2026-06-03T09:15:00+00:00","Male","51.567710","Police and Criminal Evidence Act 1984 (section 1)","-0.502882","Stolen goods","White","A no further action disposal","","False","","False","White - Irish","Person and Vehicle search"
"25-34","2026-06-03T10:20:00+00:00","Male","51.507014","Misuse of Drugs Act 1971 (section 23)","-0.589225","Controlled drugs","Black","Community resolution","True","False","","False","Black/African/Caribbean/Black British - African","Person search"
"25-34","2026-06-03T11:00:00+00:00","Male","51.783870","Misuse of Drugs Act 1971 (section 23)","-1.262082","Controlled drugs","White","A no further action disposal","","False","","False","Other ethnic group - Not stated","Person and Vehicle search"
"18-24","2026-06-03T11:05:00+00:00","Male","51.411795","Misuse of Drugs Act 1971 (section 23)","-0.830119","Controlled drugs","White","Arrest","True","False","","False","Other ethnic group - Not stated","Person search"
"10-17","2026-06-03T11:10:00+00:00","Male","51.456740","Misuse of Drugs Act 1971 (section 23)","-0.973507","Controlled drugs","White","Community resolution","True","False","","False","White - Any other White background","Person search"
"over 34","2026-06-03T11:55:00+00:00","Male","52.022058","Firearms Act 1968 (section 47)","-0.691306","Firearms","White","A no further action disposal","","False","","False","White - English/Welsh/Scottish/Northern Irish/British","Person search"
"over 34","2026-06-03T12:37:00+00:00","Female","51.868141","Police and Criminal Evidence Act 1984 (section 1)","-0.588398","Offensive weapons","White","A no further action disposal","","False","","False","Other ethnic group - Not stated","Person search"
"18-24","2026-06-03T12:45:00+00:00","Female","51.677570","Misuse of Drugs Act 1971 (section 23)","-0.592003","Controlled drugs","White","Penalty Notice for Disorder","True","False","","False","White - English/Welsh/Scottish/Northern Irish/British","Person search"
"18-24","2026-06-03T14:30:00+00:00","Male","51.424661","Misuse of Drugs Act 1971 (section 23)","-0.777954","Controlled drugs","White","Arrest","True","False","","False","White - Any other White background","Person and Vehicle search"
"18-24","2026-06-03T14:30:00+00:00","Female","51.424661","Misuse of Drugs Act 1971 (section 23)","-0.777954","Controlled drugs","White","Arrest","True","False","","False","White - English/Welsh/Scottish/Northern Irish/British","Person and Vehicle search"
"18-24","2026-06-03T14:30:00+00:00","Male","51.424661","Misuse of Drugs Act 1971 (section 23)","-0.777954","Controlled drugs","White","Arrest","True","False","","False","White - English/Welsh/Scottish/Northern Irish/British","Person and Vehicle search"
"over 34","2026-06-03T14:33:00+00:00","Male","51.734469","Misuse of Drugs Act 1971 (section 23)","-1.213889","Controlled drugs","White","A no further action disposal","","False","","False","White - English/Welsh/Scottish/Northern Irish/British","Person search"
"10-17","2026-06-03T15:54:00+00:00","Male","51.819410","Police and Criminal Evidence Act 1984 (section 1)","-0.814226","Articles for use in criminal damage","White","A no further action disposal","","False","","False","White - English/Welsh/Scottish/Northern Irish/British","Person search"
"18-24","2026-06-03T15:54:00+00:00","Male","51.819410","Police and Criminal Evidence Act 1984 (section 1)","-0.814226","Articles for use in criminal damage","White","A no further action disposal","","False","","False","White - English/Welsh/Scottish/Northern Irish/British","Person search"
"over 34","2026-06-03T16:10:00+00:00","Male","51.392692","Police and Criminal Evidence Act 1984 (section 1)","-0.740358","Stolen goods","White","A no further action disposal","","False","","False","White - Any other White background","Person search"
"over 34","2026-06-03T16:45:00+00:00","Male","51.404843","Misuse of Drugs Act 1971 (section 23)","-0.737321","Controlled drugs","White","A no further action disposal","","False","","False","White - English/Welsh/Scottish/Northern Irish/British","Person search"
"25-34","2026-06-03T17:00:00+00:00","Male","51.608569","Misuse of Drugs Act 1971 (section 23)","-1.246976","Controlled drugs","White","A no further action disposal","","False","","False","White - English/Welsh/Scottish/Northern Irish/British","Person and Vehicle search"
"25-34","2026-06-03T17:25:00+00:00","Male","51.608569","Misuse of Drugs Act 1971 (section 23)","-1.246976","Controlled drugs","White","A no further action disposal","","False","","False","White - English/Welsh/Scottish/Northern Irish/British","Person search"
"25-34","2026-06-03T17:30:00+00:00","Male","51.399247","Misuse of Drugs Act 1971 (section 23)","-1.336867","Controlled drugs","White","Arrest","True","False","","True","White - English/Welsh/Scottish/Northern Irish/British","Person search"
"25-34","2026-06-03T17:30:00+00:00","Other","51.398099","Misuse of Drugs Act 1971 (section 23)","-1.337372","Controlled drugs","Black","A no further action disposal","","False","","False","Mixed/Multiple ethnic groups - White and Black African","Person and Vehicle search"
"25-34","2026-06-03T17:30:00+00:00","Male","51.397901","Misuse of Drugs Act 1971 (section 23)","-1.335636","Controlled drugs","White","Community resolution","True","False","","False","White - English/Welsh/Scottish/Northern Irish/British","Person and Vehicle search"
"18-24","2026-06-03T17:30:00+00:00","Male","","Misuse of Drugs Act 1971 (section 23)","","Controlled drugs","Asian","Arrest","True","False","","False","Asian/Asian British - Pakistani","Person and Vehicle search"
"over 34","2026-06-03T19:11:00+00:00","Male","","Misuse of Drugs Act 1971 (section 23)","","Controlled drugs","White","A no further action disposal","","False","","False","White - English/Welsh/Scottish/Northern Irish/British","Person search"
"over 34","2026-06-03T19:40:00+00:00","Male","51.519362","Misuse of Drugs Act 1971 (section 23)","-0.649048","Controlled drugs","Asian","A no further action disposal","","False","","False","Asian/Asian British - Pakistani","Person and Vehicle search"
"18-24","2026-06-03T20:02:00+00:00","Male","51.533826","Police and Criminal Evidence Act 1984 (section 1)","-0.392615","Offensive weapons","Asian","A no further action disposal","","False","","False","Other ethnic group - Not stated","Person and Vehicle search"
"18-24","2026-06-03T21:30:00+00:00","Male","51.397099","Police and Criminal Evidence Act 1984 (section 1)","-0.765018","Offensive weapons","White","A no further action disposal","","False","","False","White - English/Welsh/Scottish/Northern Irish/British","Person search"
"over 34","2026-06-03T21:58:00+00:00","Male","51.662074","Police and Criminal Evidence Act 1984 (section 1)","-0.615183","Stolen goods","White","A no further action disposal","","False","","False","White - English/Welsh/Scottish/Northern Irish/British","Person and Vehicle search"
"18-24","2026-06-03T23:30:00+00:00","Male","51.433046","Misuse of Drugs Act 1971 (section 23)","-0.969420","Controlled drugs","Asian","Community resolution","True","False","","False","Asian/Asian British - Indian","Person and Vehicle search"
"over 34","2026-06-03T23:38:00+00:00","Male","51.784855","Police and Criminal Evidence Act 1984 (section 1)","-1.267154","Article for use in theft","Black","A no further action disposal","","False","","False","Other ethnic group - Not stated","Person search"
"25-34","2026-06-04T00:30:00+00:00","Male","51.754852","Misuse of Drugs Act 1971 (section 23)","-1.258686","Controlled drugs","Other","A no further action disposal","","False","","False","Other ethnic group - Any other ethnic group","Person search"
"25-34","2026-06-04T00:30:00+00:00","Male","51.751688","Misuse of Drugs Act 1971 (section 23)","-1.258825","Controlled drugs","Other","Community resolution","True","False","","False","Other ethnic group - Any other ethnic group","Person search"
"18-24","2026-06-04T00:33:00+00:00","Male","51.735882","Misuse of Drugs Act 1971 (section 23)","-1.236435","Controlled drugs","White","Arrest","True","False","","False","White - English/Welsh/Scottish/Northern Irish/British","Person search"
"18-24","2026-06-04T01:05:00+00:00","Male","51.436977","Misuse of Drugs Act 1971 (section 23)","-0.959333","Controlled drugs","Black","A no further action disposal","","False","","False","Mixed/Multiple ethnic groups - White and Black Caribbean","Person and Vehicle search"
"25-34","2026-06-04T01:11:00+00:00","Male","51.436977","Misuse of Drugs Act 1971 (section 23)","-0.959333","Controlled drugs","White","Community resolution","True","False","","False","White - English/Welsh/Scottish/Northern Irish/British","Person and Vehicle search"
"10-17","2026-06-04T01:50:00+00:00","Male","51.507014","Police and Criminal Evidence Act 1984 (section 1)","-0.589225","Offensive weapons","Black","A no further action disposal","","False","","False","Mixed/Multiple ethnic groups - Any other Mixed/Multiple ethnic background","Person search"
"over 34","2026-06-04T03:00:00+00:00","Male","51.619843","Misuse of Drugs Act 1971 (section 23)","-0.759502","Controlled drugs","Asian","A no further action disposal","","False","","False","Asian/Asian British - Pakistani","Person and Vehicle search"
"over 34","2026-06-04T03:00:00+00:00","Male","51.619843","Misuse of Drugs Act 1971 (section 23)","-0.759502","Controlled drugs","White","A no further action disposal","","False","","False","White - English/Welsh/Scottish/Northern Irish/British","Person and Vehicle search"
"over 34","2026-06-04T06:20:00+00:00","Male","52.064681","Misuse of Drugs Act 1971 (section 23)","-1.325894","Controlled drugs","White","Arrest","True","False","","False","Other ethnic group - Not stated","Person search"
"25-34","2026-06-04T10:50:00+00:00","Male","51.821627","Police and Criminal Evidence Act 1984 (section 1)","-0.847365","Offensive weapons","White","A no further action disposal","","False","","False","Other ethnic group - Any other ethnic group","Person search"
"25-34","2026-06-04T11:17:00+00:00","Male","52.078694","Police and Criminal Evidence Act 1984 (section 1)","-1.369064","Offensive weapons","White","A no further action disposal","","False","","False","White - English/Welsh/Scottish/Northern Irish/British","Person search"
"25-34","2026-06-04T11:40:00+00:00","Male","51.903151","Misuse of Drugs Act 1971 (section 23)","-1.172207","Controlled drugs","White","Community resolution","True","False","","False","White - English/Welsh/Scottish/Northern Irish/British","Person search"
"10-17","2026-06-04T12:00:00+00:00","Male","","Misuse of Drugs Act 1971 (section 23)","","Controlled drugs","Black","A no further action disposal","","False","","False","Other ethnic group - Not stated","Person search"
"over 34","2026-06-04T12:00:00+00:00","Male","51.513190","Police and Criminal Evidence Act 1984 (section 1)","-0.622411","Stolen goods","White","Community resolution","True","False","","False","White - English/Welsh/Scottish/Northern Irish/British","Person search"
"10-17","2026-06-04T12:10:00+00:00","Male","52.029838","Misuse of Drugs Act 1971 (section 23)","-0.745304","Controlled drugs","Black","A no further action disposal","","False","","False","Other ethnic group - Not stated","Person search"
"25-34","2026-06-04T12:40:00+00:00","Male","51.722191","Misuse of Drugs Act 1971 (section 23)","-1.187227","Controlled drugs","Asian","A no further action disposal","","False","","False","Asian/Asian British - Indian","Person search"
"10-17","2026-06-04T12:40:00+00:00","Male","52.029838","Misuse of Drugs Act 1971 (section 23)","-0.745304","Controlled drugs","White","A no further action disposal","","False","","False","White - English/Welsh/Scottish/Northern Irish/British","Person search"
"18-24","2026-06-04T12:45:00+00:00","Male","51.735995","Police and Criminal Evidence Act 1984 (section 1)","-1.234493","Article for use in theft","Asian","A no further action disposal","","False","","False","Other ethnic group - Not stated","Person search"
"25-34","2026-06-04T13:32:00+00:00","Male","51.826238","Misuse of Drugs Act 1971 (section 23)","-0.835247","Controlled drugs","White","Arrest","True","False","","False","White - English/Welsh/Scottish/Northern Irish/British","Person and Vehicle search"
"18-24","2026-06-04T14:26:00+00:00","Male","52.029838","Misuse of Drugs Act 1971 (section 23)","-0.745304","Controlled drugs","Black","A no further action disposal","","False","","False","Mixed/Multiple ethnic groups - White and Black African","Person search"
"over 34","2026-06-04T14:56:00+00:00","Male","51.820181","Misuse of Drugs Act 1971 (section 23)","-0.809606","Controlled drugs","White","A no further action disposal","","False","","False","White - English/Welsh/Scottish/Northern Irish/British","Person search"
"25-34","2026-06-04T16:00:00+00:00","Male","52.026374","Police and Criminal Evidence Act 1984 (section 1)","-0.735788","Offensive weapons","White","A no further action disposal","","False","","False","White - English/Welsh/Scottish/Northern Irish/British","Person search"
"18-24","2026-06-04T16:40:00+00:00","Male","51.509354","Misuse of Drugs Act 1971 (section 23)","-0.587942","Controlled drugs","Black","Community resolution","True","False","","False","Black/African/Caribbean/Black British - Any other Black/African/Caribbean background","Person search"
"25-34","2026-06-04T17:30:00+00:00","Male","51.400551","Misuse of Drugs Act 1971 (section 23)","-0.784678","Controlled drugs","White","Arrest","True","False","","False","White - English/Welsh/Scottish/Northern Irish/British","Person and Vehicle search"
"25-34","2026-06-04T17:36:00+00:00","Male","51.751314","Police and Criminal Evidence Act 1984 (section 1)","-1.256499","Stolen goods","White","Arrest","True","False","","False","White - Any other White background","Person search"
"over 34","2026-06-04T18:15:00+00:00","Female","51.408436","Misuse of Drugs Act 1971 (section 23)","-1.316318","Controlled drugs","White","Arrest","True","False","","True","White - English/Welsh/Scottish/Northern Irish/British","Person search"
"25-34","2026-06-04T20:06:00+00:00","Male","","Misuse of Drugs Act 1971 (section 23)","","Controlled drugs","Asian","Arrest","True","False","","True","Other ethnic group - Arab","Person and Vehicle search"
"over 34","2026-06-04T20:42:00+00:00","Male","51.419710","Police and Criminal Evidence Act 1984 (section 1)","-0.969274","Offensive weapons","White","A no further action disposal","","False","","False","Other ethnic group - Not stated","Person search"
"25-34","2026-06-04T21:00:00+00:00","Male","51.722956","Misuse of Drugs Act 1971 (section 23)","-0.831069","Controlled drugs","Asian","A no further action disposal","","False","","False","Asian/Asian British - Pakistani","Person and Vehicle search"
"18-24","2026-06-04T21:32:00+00:00","Male","51.849230","Misuse of Drugs Act 1971 (section 23)","-1.116388","Controlled drugs","White","Community resolution","True","False","","False","Other ethnic group - Any other ethnic group","Person and Vehicle search"
"18-24","2026-06-04T21:35:00+00:00","Male","51.427505","Misuse of Drugs Act 1971 (section 23)","-0.913252","Controlled drugs","White","Community resolution","True","False","","False","White - English/Welsh/Scottish/Northern Irish/British","Person search"
"18-24","2026-06-04T21:40:00+00:00","Male","51.427505","Misuse of Drugs Act 1971 (section 23)","-0.913252","Controlled drugs","White","Community resolution","True","False","","False","White - Irish","Person search"
"over 34","2026-06-05T00:55:00+00:00","Male","52.040081","Firearms Act 1968 (section 47)","-0.771115","Firearms","Black","A no further action disposal","","False","","False","Black/African/Caribbean/Black British - African","Person search"
"25-34","2026-06-05T02:25:00+00:00","Male","52.081819","Misuse of Drugs Act 1971 (section 23)","-0.709800","Controlled drugs","White","A no further action disposal","","False","","False","White - English/Welsh/Scottish/Northern Irish/British","Person and Vehicle search"
"over 34","2026-06-05T09:15:00+00:00","Male","51.494503","Misuse of Drugs Act 1971 (section 23)","-0.542707","Controlled drugs","Asian","Community resolution","True","False","","False","Asian/Asian British - Indian","Person search"
"over 34","2026-06-05T09:15:00+00:00","Female","51.494503","Misuse of Drugs Act 1971 (section 23)","-0.542707","Controlled drugs","White","Community resolution","True","False","","False","White - English/Welsh/Scottish/Northern Irish/British","Person search"
"18-24","2026-06-05T10:20:00+00:00","Female","51.442204","Police and Criminal Evidence Act 1984 (section 1)","-0.931660","Offensive weapons","White","A no further action disposal","","False","","False","Other ethnic group - Not stated","Person search"
"18-24","2026-06-05T12:55:00+00:00","Male","51.465971","Misuse of Drugs Act 1971 (section 23)","-1.231618","Controlled drugs","White","Khat or Cannabis warning","True","False","","False","White - English/Welsh/Scottish/Northern Irish/British","Person and Vehicle search"
"10-17","2026-06-05T12:58:00+00:00","Male","51.532745","Misuse of Drugs Act 1971 (section 23)","-1.073698","Controlled drugs","White","A no further action disposal","","False","","False","Other ethnic group - Not stated","Person and Vehicle search"
"10-17","2026-06-05T13:05:00+00:00","Male","51.508873","Police and Criminal Evidence Act 1984 (section 1)","-0.592770","Offensive weapons","Asian","A no further action disposal","","False","","False","Other ethnic group - Not stated","Person search"
"10-17","2026-06-05T13:35:00+00:00","Male","51.507123","Police and Criminal Evidence Act 1984 (section 1)","-0.593876","Offensive weapons","Black","A no further action disposal","","False","","False","Black/African/Caribbean/Black British - African","Person search"
"10-17","2026-06-05T13:39:00+00:00","Male","51.820609","Misuse of Drugs Act 1971 (section 23)","-0.831634","Controlled drugs","White","Community resolution","True","False","","False","White - Any other White background","Person search"
"over 34","2026-06-05T14:40:00+00:00","Male","51.423404","Misuse of Drugs Act 1971 (section 23)","-0.744936","Controlled drugs","White","Community resolution","True","False","","False","White - English/Welsh/Scottish/Northern Irish/British","Person search"
"25-34","2026-06-05T15:16:00+00:00","Male","51.454543","Police and Criminal Evidence Act 1984 (section 1)","-0.977341","Stolen goods","White","A no further action disposal","","False","","False","Other ethnic group - Not stated","Person search"
"18-24","2026-06-05T15:20:00+00:00","Male","52.045926","Misuse of Drugs Act 1971 (section 23)","-0.739662","Controlled drugs","White","A no further action disposal","","False","","False","White - English/Welsh/Scottish/Northern Irish/British","Person search"
"18-24","2026-06-05T15:24:00+00:00","Male","52.047564","Misuse of Drugs Act 1971 (section 23)","-0.736481","Controlled drugs","White","Community resolution","True","False","","False","White - English/Welsh/Scottish/Northern Irish/British","Person search"
"18-24","2026-06-05T15:30:00+00:00","Female","52.043875","Misuse of Drugs Act 1971 (section 23)","-0.743774","Controlled drugs","White","Community resolution","True","False","","False","Other ethnic group - Not stated","Person search"
"25-34","2026-06-05T16:00:00+00:00","Male","","Misuse of Drugs Act 1971 (section 23)","","Controlled drugs","White","Community resolution","True","False","","False","White - English/Welsh/Scottish/Northern Irish/British","Person search"
"over 34","2026-06-05T16:02:00+00:00","Male","52.043875","Misuse of Drugs Act 1971 (section 23)","-0.743774","Controlled drugs","White","A no further action disposal","","False","","False","White - English/Welsh/Scottish/Northern Irish/British","Person search"
"over 34","2026-06-05T16:02:00+00:00","Male","52.043875","Misuse of Drugs Act 1971 (section 23)","-0.743774","Controlled drugs","Asian","A no further action disposal","","False","","False","Asian/Asian British - Pakistani","Person search"
"over 34","2026-06-05T17:25:00+00:00","Male","52.085678","Misuse of Drugs Act 1971 (section 23)","-0.719044","Controlled drugs","White","A no further action disposal","","False","","False","White - English/Welsh/Scottish/Northern Irish/British","Person search"
"over 34","2026-06-05T17:30:00+00:00","Male","51.402043","Misuse of Drugs Act 1971 (section 23)","-1.262951","Controlled drugs","White","A no further action disposal","","False","","False","White - English/Welsh/Scottish/Northern Irish/British","Person search"
"over 34","2026-06-05T17:30:00+00:00","Male","51.524192","Police and Criminal Evidence Act 1984 (section 1)","-0.711522","Offensive weapons","White","A no further action disposal","","False","","False","White - Gypsy or Irish Traveller","Person search"
"over 34","2026-06-05T18:04:00+00:00","Female","51.719048","Misuse of Drugs Act 1971 (section 23)","-1.227816","Controlled drugs","White","A no further action disposal","","False","","False","Other ethnic group - Not stated","Person search"
"10-17","2026-06-05T18:09:00+00:00","Male","51.628826","Misuse of Drugs Act 1971 (section 23)","-0.756931","Controlled drugs","White","Community resolution","True","False","","False","White - English/Welsh/Scottish/Northern Irish/British","Person search"
"18-24","2026-06-05T18:20:00+00:00","Female","51.628826","Misuse of Drugs Act 1971 (section 23)","-0.756931","Controlled drugs","Asian","A no further action disposal","","False","","False","Asian/Asian British - Pakistani","Person search"
"over 34","2026-06-05T19:00:00+00:00","Male","52.041456","Misuse of Drugs Act 1971 (section 23)","-0.766689","Controlled drugs","Asian","Community resolution","True","False","","False","Black/African/Caribbean/Black British - Any other Black/African/Caribbean background","Person search"
"over 34","2026-06-05T19:05:00+00:00","Male","51.816374","Police and Criminal Evidence Act 1984 (section 1)","-0.800364","Stolen goods","White","Penalty Notice for Disorder","True","False","","False","Other ethnic group - Not stated","Person search"
"18-24","2026-06-05T19:09:00+00:00","Male","51.816374","Police and Criminal Evidence Act 1984 (section 1)","-0.800364","Stolen goods","White","A no further action disposal","","False","","False","White - Any other White background","Person search"
"over 34","2026-06-05T19:10:00+00:00","Female","51.811332","Misuse of Drugs Act 1971 (section 23)","-0.804965","Controlled drugs","White","Arrest","True","False","","False","White - English/Welsh/Scottish/Northern Irish/British","Person and Vehicle search"
"10-17","2026-06-05T20:15:00+00:00","Male","51.606019","Police and Criminal Evidence Act 1984 (section 1)","-1.429452","Articles for use in criminal damage","White","A no further action disposal","","False","","False","White - English/Welsh/Scottish/Northern Irish/British","Person search"
"10-17","2026-06-05T20:30:00+00:00","Male","51.493069","Police and Criminal Evidence Act 1984 (section 1)","-0.608238","Articles for use in criminal damage","White","A no further action disposal","","False","","False","White - Any other White background","Person search"
"10-17","2026-06-05T20:35:00+00:00","Male","52.052640","Misuse of Drugs Act 1971 (section 23)","-0.835567","Controlled drugs","Black","A no further action disposal","","False","","False","Black/African/Caribbean/Black British - Any other Black/African/Caribbean background","Person search"
"18-24","2026-06-05T20:37:00+00:00","Male","52.052640","Misuse of Drugs Act 1971 (section 23)","-0.835567","Controlled drugs","Black","A no further action disposal","","False","","False","Black/African/Caribbean/Black British - Any other Black/African/Caribbean background","Person search"
"18-24","2026-06-05T20:45:00+00:00","Male","51.749963","Police and Criminal Evidence Act 1984 (section 1)","-1.198650","Articles for use in criminal damage","Asian","A no further action disposal","","False","","False","Asian/Asian British - Indian","Person search"
"","2026-06-05T20:49:00+00:00","Male","51.733860","Misuse of Drugs Act 1971 (section 23)","-1.264851","Controlled drugs","White","A no further action disposal","","False","","False","White - English/Welsh/Scottish/Northern Irish/British","Person search"
"18-24","2026-06-05T21:00:00+00:00","Male","51.999512","Misuse of Drugs Act 1971 (section 23)","-0.988526","Controlled drugs","White","A no further action disposal","","False","","False","White - English/Welsh/Scottish/Northern Irish/British","Person search"
"10-17","2026-06-05T21:41:00+00:00","Male","51.899868","Misuse of Drugs Act 1971 (section 23)","-1.169535","Controlled drugs","Asian","Community resolution","True","False","","False","Other ethnic group - Arab","Person search"
"18-24","2026-06-05T21:50:00+00:00","Male","52.000086","Misuse of Drugs Act 1971 (section 23)","-0.987319","Controlled drugs","White","A no further action disposal","","False","","False","White - English/Welsh/Scottish/Northern Irish/British","Person search"
"18-24","2026-06-05T22:15:00+00:00","Male","51.627668","Misuse of Drugs Act 1971 (section 23)","-0.751227","Controlled drugs","White","Community resolution","True","False","","False","White - English/Welsh/Scottish/Northern Irish/British","Person search"
"18-24","2026-06-05T22:26:00+00:00","Male","52.038295","Police and Criminal Evidence Act 1984 (section 1)","-0.776573","Article for use in theft","Black","A no further action disposal","","False","","False","Other ethnic group - Not stated","Person search"
"over 34","2026-06-05T22:28:00+00:00","Male","52.038295","Police and Criminal Evidence Act 1984 (section 1)","-0.776573","Article for use in theft","White","A no further action disposal","","False","","False","White - English/Welsh/Scottish/Northern Irish/British","Person search"
"18-24","2026-06-05T22:30:00+00:00","Male","51.768572","Misuse of Drugs Act 1971 (section 23)","-1.588959","Controlled drugs","White","Community resolution","True","False","","False","White - Any other White background","Person and Vehicle search"
"10-17","2026-06-05T22:30:00+00:00","Male","51.916220","Police and Criminal Evidence Act 1984 (section 1)","-1.001318","Stolen goods","White","A no further action disposal","","False","","False","White - English/Welsh/Scottish/Northern Irish/British","Person search"
"10-17","2026-06-05T22:30:00+00:00","Male","51.933982","Police and Criminal Evidence Act 1984 (section 1)","-0.989142","Article for use in theft","White","A no further action disposal","","False","","False","White - English/Welsh/Scottish/Northern Irish/British","Person search"
"10-17","2026-06-05T22:30:00+00:00","Male","51.414666","Police and Criminal Evidence Act 1984 (section 1)","-0.752739","Offensive weapons","Black","A no further action disposal","","False","","False","Black/African/Caribbean/Black British - African","Person search"
"10-17","2026-06-05T22:40:00+00:00","Other","51.414666","Police and Criminal Evidence Act 1984 (section 1)","-0.752739","Offensive weapons","Asian","A no further action disposal","","False","","False","Asian/Asian British - Indian","Person search"
"10-17","2026-06-05T22:50:00+00:00","Male","51.414666","Police and Criminal Evidence Act 1984 (section 1)","-0.752739","Offensive weapons","Black","A no further action disposal","","False","","False","Black/African/Caribbean/Black British - Caribbean","Person search"
"10-17","2026-06-05T22:50:00+00:00","Male","51.414666","Police and Criminal Evidence Act 1984 (section 1)","-0.752739","Offensive weapons","Black","A no further action disposal","","False","","False","Black/African/Caribbean/Black British - African","Person search"
"10-17","2026-06-05T22:50:00+00:00","Male","51.414666","Police and Criminal Evidence Act 1984 (section 1)","-0.752739","Offensive weapons","Black","A no further action disposal","","False","","False","Black/African/Caribbean/Black British - African","Person search"
"18-24","2026-06-06T00:08:00+00:00","Male","","Misuse of Drugs Act 1971 (section 23)","","Controlled drugs","White","A no further action disposal","","False","","False","White - English/Welsh/Scottish/Northern Irish/British","Person and Vehicle search"
"18-24","2026-06-06T00:10:00+00:00","Male","51.456688","Misuse of Drugs Act 1971 (section 23)","-1.042839","Controlled drugs","White","A no further action disposal","","False","","False","White - English/Welsh/Scottish/Northern Irish/British","Person and Vehicle search"
"18-24","2026-06-06T00:19:00+00:00","Male","52.060481","Police and Criminal Evidence Act 1984 (section 1)","-1.339930","Article for use in theft","Black","A no further action disposal","","False","","False","Black/African/Caribbean/Black British - African","Person search"
"10-17","2026-06-06T00:21:00+00:00","Male","52.078846","Police and Criminal Evidence Act 1984 (section 1)","-0.724128","Offensive weapons","Black","A no further action disposal","","False","","False","Black/African/Caribbean/Black British - Caribbean","Person search"
"over 34","2026-06-06T00:30:00+00:00","Male","51.456889","Misuse of Drugs Act 1971 (section 23)","-0.971071","Controlled drugs","White","A no further action disposal","","False","","False","White - English/Welsh/Scottish/Northern Irish/British","Person search"
"","2026-06-06T00:30:00+00:00","Female","51.818487","Police and Criminal Evidence Act 1984 (section 1)","-0.813684","Article for use in theft","White","A no further action disposal","","False","","False","Other ethnic group - Not stated","Person search"
"over 34","2026-06-06T00:45:00+00:00","Male","51.531110","Police and Criminal Evidence Act 1984 (section 1)","-0.577149","Offensive weapons","White","Community resolution","True","False","","False","White - English/Welsh/Scottish/Northern Irish/British","Person search"
"over 34","2026-06-06T01:00:00+00:00","Male","51.441896","Police and Criminal Evidence Act 1984 (section 1)","-0.976818","Offensive weapons","White","Community resolution","True","False","","False","White - English/Welsh/Scottish/Northern Irish/British","Person search"
"18-24","2026-06-06T02:00:00+00:00","Male","52.047544","Misuse of Drugs Act 1971 (section 23)","-0.777152","Controlled drugs","Black","A no further action disposal","","False","","False","Black/African/Caribbean/Black British - Caribbean","Person and Vehicle search"
"18-24","2026-06-06T02:54:00+00:00","Male","52.044010","Misuse of Drugs Act 1971 (section 23)","-0.748815","Controlled drugs","White","A no further action disposal","","False","","False","White - English/Welsh/Scottish/Northern Irish/British","Person search"
"18-24","2026-06-06T03:00:00+00:00","Male","52.043582","Misuse of Drugs Act 1971 (section 23)","-0.748302","Controlled drugs","White","A no further action disposal","","False","","False","Other ethnic group - Not stated","Person search"
"18-24","2026-06-06T03:05:00+00:00","Female","52.043582","Misuse of Drugs Act 1971 (section 23)","-0.748302","Controlled drugs","White","Caution (simple or conditional)","True","False","","False","White - English/Welsh/Scottish/Northern Irish/British","Person search"
"10-17","2026-06-06T03:54:00+00:00","Female","51.742679","Misuse of Drugs Act 1971 (section 23)","-1.257379","Controlled drugs","White","A no further action disposal","","False","","False","White - English/Welsh/Scottish/Northern Irish/British","Person search"
"18-24","2026-06-06T11:15:00+00:00","Female","52.022502","Police and Criminal Evidence Act 1984 (section 1)","-0.734418","Offensive weapons","White","A no further action disposal","","False","","False","White - English/Welsh/Scottish/Northern Irish/British","Person search"
"18-24","2026-06-06T12:22:00+00:00","Male","51.798092","Police and Criminal Evidence Act 1984 (section 1)","-0.805417","Offensive weapons","Asian","A no further action disposal","","False","","False","Asian/Asian British - Pakistani","Person search"
"","2026-06-06T12:27:00+00:00","Male","51.797484","Police and Criminal Evidence Act 1984 (section 1)","-0.801387","Offensive weapons","Asian","A no further action disposal","","False","","False","Other ethnic group - Not stated","Person search"
"over 34","2026-06-06T13:27:00+00:00","Male","51.442723","Misuse of Drugs Act 1971 (section 23)","-0.999706","Controlled drugs","White","A no further action disposal","","False","","False","White - English/Welsh/Scottish/Northern Irish/British","Person search"
"over 34","2026-06-06T14:15:00+00:00","Male","","Misuse of Drugs Act 1971 (section 23)","","Controlled drugs","White","A no further action disposal","","False","","False","Other ethnic group - Not stated","Person and Vehicle search"
"10-17","2026-06-06T14:30:00+00:00","Male","51.998006","Police and Criminal Evidence Act 1984 (section 1)","-0.738284","Articles for use in criminal damage","White","A no further action disposal","","False","","False","White - English/Welsh/Scottish/Northern Irish/British","Person search"
"10-17","2026-06-06T15:13:00+00:00","Male","51.998006","Police and Criminal Evidence Act 1984 (section 1)","-0.738284","Article for use in theft","White","A no further action disposal","","False","","False","White - English/Welsh/Scottish/Northern Irish/British","Person search"
"over 34","2026-06-06T15:15:00+00:00","Male","","Misuse of Drugs Act 1971 (section 23)","","Controlled drugs","White","A no further action disposal","","False","","False","White - English/Welsh/Scottish/Northern Irish/British","Person search"
"10-17","2026-06-06T15:20:00+00:00","Male","51.482119","Misuse of Drugs Act 1971 (section 23)","-0.609191","Controlled drugs","White","A no further action disposal","","False","","False","White - English/Welsh/Scottish/Northern Irish/British","Person search"
"10-17","2026-06-06T15:30:00+00:00","Male","51.482119","Misuse of Drugs Act 1971 (section 23)","-0.609191","Controlled drugs","White","A no further action disposal","","False","","False","White - English/Welsh/Scottish/Northern Irish/British","Person search"
"10-17","2026-06-06T15:30:00+00:00","Male","51.482119","Misuse of Drugs Act 1971 (section 23)","-0.609191","Controlled drugs","White","A no further action disposal","","False","","False","White - English/Welsh/Scottish/Northern Irish/British","Person search"
"25-34","2026-06-06T15:35:00+00:00","Male","51.998683","Misuse of Drugs Act 1971 (section 23)","-0.717683","Controlled drugs","White","Community resolution","True","False","","False","White - English/Welsh/Scottish/Northern Irish/British","Person search"
"10-17","2026-06-06T16:05:00+00:00","Male","51.417154","Police and Criminal Evidence Act 1984 (section 1)","-0.747427","Articles for use in criminal damage","White","A no further action disposal","","False","","False","White - English/Welsh/Scottish/Northern Irish/British","Person search"
"10-17","2026-06-06T16:30:00+00:00","Male","51.510812","Police and Criminal Evidence Act 1984 (section 1)","-0.646001","Offensive weapons","White","A no further action disposal","","False","","False","White - English/Welsh/Scottish/Northern Irish/British","Person search"
"10-17","2026-06-06T17:39:00+00:00","Male","52.042977","Police and Criminal Evidence Act 1984 (section 1)","-0.751454","Stolen goods","White","Community resolution","True","False","","False","White - English/Welsh/Scottish/Northern Irish/British","Person search"
"10-17","2026-06-06T17:44:00+00:00","Male","","Police and Criminal Evidence Act 1984 (section 1)","","Offensive weapons","White","A no further action disposal","","False","","False","Other ethnic group - Not stated","Person search"
"10-17","2026-06-06T19:38:00+00:00","Male","51.994716","Misuse of Drugs Act 1971 (section 23)","-0.801138","Controlled drugs","Black","A no further action disposal","","False","","False","Other ethnic group - Not stated","Person search"
"10-17","2026-06-06T19:55:00+00:00","Female","","Police and Criminal Evidence Act 1984 (section 1)","","Stolen goods","White","A no further action disposal","","False","","False","White - English/Welsh/Scottish/Northern Irish/British","Person search"
"18-24","2026-06-06T20:50:00+00:00","Male","51.425266","Misuse of Drugs Act 1971 (section 23)","-0.934931","Controlled drugs","Asian","Community resolution","True","False","","False","Asian/Asian British - Indian","Person and Vehicle search"
"over 34","2026-06-06T21:23:00+00:00","Male","51.982406","Misuse of Drugs Act 1971 (section 23)","-0.499741","Controlled drugs","Asian","A no further action disposal","","False","","False","Other ethnic group - Not stated","Person and Vehicle search"
"18-24","2026-06-06T21:30:00+00:00","Male","51.982406","Misuse of Drugs Act 1971 (section 23)","-0.499741","Controlled drugs","Black","A no further action disposal","","False","","False","Black/African/Caribbean/Black British - African","Person search"
"over 34","2026-06-06T21:40:00+00:00","Female","51.678905","Misuse of Drugs Act 1971 (section 23)","-1.291182","Controlled drugs","White","A no further action disposal","","False","","False","Other ethnic group - Not stated","Person search"
"10-17","2026-06-06T21:40:00+00:00","Male","51.636392","Misuse of Drugs Act 1971 (section 23)","-0.692725","Controlled drugs","White","A no further action disposal","","False","","False","Other ethnic group - Any other ethnic group","Person search"
"10-17","2026-06-06T21:50:00+00:00","Male","51.636392","Police and Criminal Evidence Act 1984 (section 1)","-0.692725","Offensive weapons","Asian","A no further action disposal","","False","","False","Other ethnic group - Not stated","Person search"
"10-17","2026-06-06T21:50:00+00:00","Other","51.493295","Police and Criminal Evidence Act 1984 (section 1)","-0.548205","Offensive weapons","White","A no further action disposal","","False","","False","White - English/Welsh/Scottish/Northern Irish/British","Person search"
"","2026-06-06T22:03:00+00:00","Male","51.454573","Misuse of Drugs Act 1971 (section 23)","-0.974534","Controlled drugs","Black","A no further action disposal","","False","","False","Other ethnic group - Not stated","Person search"
"18-24","2026-06-06T22:30:00+00:00","Male","51.498261","Misuse of Drugs Act 1971 (section 23)","-0.458885","Controlled drugs","Black","Community resolution","True","False","","False","Black/African/Caribbean/Black British - African","Person and Vehicle search"
"18-24","2026-06-06T22:55:00+00:00","Female","52.038451","Misuse of Drugs Act 1971 (section 23)","-0.767369","Controlled drugs","White","A no further action disposal","","False","","False","White - English/Welsh/Scottish/Northern Irish/British","Person search"
"18-24","2026-06-06T22:59:00+00:00","Male","52.038451","Misuse of Drugs Act 1971 (section 23)","-0.767369","Controlled drugs","Asian","Community resolution","True","False","","False","Mixed/Multiple ethnic groups - White and Black African","Person search"
"18-24","2026-06-06T23:07:00+00:00","Female","52.038451","Misuse of Drugs Act 1971 (section 23)","-0.767369","Controlled drugs","Asian","A no further action disposal","","False","","False","Asian/Asian British - Pakistani","Person search"
"","2026-06-06T23:24:00+00:00","Male","52.038451","Misuse of Drugs Act 1971 (section 23)","-0.767369","Controlled drugs","White","A no further action disposal","","False","","False","White - Any other White background","Person search"
"10-17","2026-06-06T23:35:00+00:00","Male","51.815835","Police and Criminal Evidence Act 1984 (section 1)","-0.803091","Article for use in theft","Black","A no further action disposal","","False","","False","Black/African/Caribbean/Black British - African","Person search"
"10-17","2026-06-06T23:35:00+00:00","Male","51.815835","Police and Criminal Evidence Act 1984 (section 1)","-0.803091","Article for use in theft","Asian","A no further action disposal","","False","","False","Asian/Asian British - Indian","Person search"
"18-24","2026-06-06T23:39:00+00:00","Male","51.815835","Police and Criminal Evidence Act 1984 (section 1)","-0.803091","Stolen goods","Asian","A no further action disposal","","False","","False","Mixed/Multiple ethnic groups - White and Asian","Person search"
"18-24","2026-06-06T23:39:00+00:00","Male","51.816397","Police and Criminal Evidence Act 1984 (section 1)","-0.797316","Stolen goods","Asian","A no further action disposal","","False","","False","Asian/Asian British - Indian","Person and Vehicle search"
"18-24","2026-06-06T23:39:00+00:00","Male","51.816397","Police and Criminal Evidence Act 1984 (section 1)","-0.797316","Stolen goods","Asian","A no further action disposal","","False","","False","Asian/Asian British - Indian","Person and Vehicle search"
"18-24","2026-06-07T00:00:00+00:00","Female","51.990514","Police and Criminal Evidence Act 1984 (section 1)","-0.739747","Offensive weapons","White","A no further action disposal","","False","","False","Other ethnic group - Not stated","Person search"
"18-24","2026-06-07T01:30:00+00:00","Male","51.505244","Misuse of Drugs Act 1971 (section 23)","-0.615778","Controlled drugs","Asian","A no further action disposal","","False","","False","Other ethnic group - Not stated","Person and Vehicle search"
"18-24","2026-06-07T01:38:00+00:00","Female","51.403441","Misuse of Drugs Act 1971 (section 23)","-1.297301","Controlled drugs","White","A no further action disposal","","False","","False","White - English/Welsh/Scottish/Northern Irish/British","Person search"
"18-24","2026-06-07T02:30:00+00:00","Male","51.828478","Police and Criminal Evidence Act 1984 (section 1)","-0.772659","Article for use in theft","White","A no further action disposal","","False","","False","White - English/Welsh/Scottish/Northern Irish/British","Person search"
"18-24","2026-06-07T02:30:00+00:00","Male","51.828478","Police and Criminal Evidence Act 1984 (section 1)","-0.772659","Stolen goods","White","A no further action disposal","","False","","False","White - English/Welsh/Scottish/Northern Irish/British","Person search"
"25-34","2026-06-07T04:20:00+00:00","Male","51.817725","Police and Criminal Evidence Act 1984 (section 1)","-0.790056","Stolen goods","Black","A no further action disposal","","False","","False","Other ethnic group - Not stated","Person search"
"18-24","2026-06-07T08:45:00+00:00","Female","51.531139","Misuse of Drugs Act 1971 (section 23)","-0.581747","Controlled drugs","White","A no further action disposal","","False","","False","White - English/Welsh/Scottish/Northern Irish/British","Person search"
"25-34","2026-06-07T09:14:00+00:00","Male","51.531110","Misuse of Drugs Act 1971 (section 23)","-0.577149","Controlled drugs","Black","Arrest","True","False","","False","Other ethnic group - Not stated","Person and Vehicle search"
"over 34","2026-06-07T10:20:00+00:00","Female","51.627668","Misuse of Drugs Act 1971 (section 23)","-0.751227","Controlled drugs","White","Community resolution","True","False","","False","White - English/Welsh/Scottish/Northern Irish/British","Person search"
"18-24","2026-06-07T12:21:00+00:00","Male","51.738703","Police and Criminal Evidence Act 1984 (section 1)","-1.091480","Stolen goods","White","A no further action disposal","","False","","False","White - Any other White background","Person and Vehicle search"
"18-24","2026-06-07T12:31:00+00:00","Female","51.738703","Police and Criminal Evidence Act 1984 (section 1)","-1.091480","Stolen goods","White","A no further action disposal","","False","","False","White - Any other White background","Person and Vehicle search"
"18-24","2026-06-07T12:31:00+00:00","Female","51.738703","Police and Criminal Evidence Act 1984 (section 1)","-1.091480","Stolen goods","White","A no further action disposal","","False","","False","White - Any other White background","Person and Vehicle search"
"25-34","2026-06-07T13:30:00+00:00","Male","51.989056","Police and Criminal Evidence Act 1984 (section 1)","-0.722939","Stolen goods","Black","Arrest","True","False","","False","White - Gypsy or Irish Traveller","Person search"
"18-24","2026-06-07T13:50:00+00:00","Male","","Police and Criminal Evidence Act 1984 (section 1)","","Articles for use in criminal damage","Asian","A no further action disposal","","False","","False","Other ethnic group - Arab","Person and Vehicle search"
"10-17","2026-06-07T14:35:00+00:00","Male","51.627011","Police and Criminal Evidence Act 1984 (section 1)","-1.082629","Article for use in theft","White","A no further action disposal","","False","","False","Mixed/Multiple ethnic groups - White and Black African","Person search"
"10-17","2026-06-07T14:38:00+00:00","Male","51.627011","Police and Criminal Evidence Act 1984 (section 1)","-1.082629","Articles for use in criminal damage","White","A no further action disposal","","False","","False","White - English/Welsh/Scottish/Northern Irish/British","Person search"
"10-17","2026-06-07T14:38:00+00:00","Male","51.627011","Police and Criminal Evidence Act 1984 (section 1)","-1.082629","Article for use in theft","Black","A no further action disposal","","False","","False","Black/African/Caribbean/Black British - Caribbean","Person search"
"25-34","2026-06-07T16:15:00+00:00","Male","51.998975","Misuse of Drugs Act 1971 (section 23)","-0.713173","Controlled drugs","Asian","A no further action disposal","","False","","False","Asian/Asian British - Indian","Person search"
"10-17","2026-06-07T17:00:00+00:00","Male","52.004730","Police and Criminal Evidence Act 1984 (section 1)","-0.747405","Offensive weapons","Black","A no further action disposal","","False","","False","Other ethnic group - Not stated","Person search"
"10-17","2026-06-07T17:30:00+00:00","Male","51.998128","Police and Criminal Evidence Act 1984 (section 1)","-0.985425","Offensive weapons","White","A no further action disposal","","False","","False","White - English/Welsh/Scottish/Northern Irish/British","Person search"
"10-17","2026-06-07T17:30:00+00:00","Male","52.004730","Police and Criminal Evidence Act 1984 (section 1)","-0.747405","Offensive weapons","Black","A no further action disposal","","False","","False","Mixed/Multiple ethnic groups - White and Black African","Person search"
"10-17","2026-06-07T17:41:00+00:00","Male","51.998128","Police and Criminal Evidence Act 1984 (section 1)","-0.985425","Offensive weapons","White","A no further action disposal","","False","","False","Other ethnic group - Not stated","Person search"
"10-17","2026-06-07T17:42:00+00:00","Male","52.004730","Police and Criminal Evidence Act 1984 (section 1)","-0.747405","Offensive weapons","Black","A no further action disposal","","False","","False","Mixed/Multiple ethnic groups - White and Black African","Person search"
"10-17","2026-06-07T17:43:00+00:00","Male","51.998128","Police and Criminal Evidence Act 1984 (section 1)","-0.985425","Offensive weapons","White","A no further action disposal","","False","","False","White - English/Welsh/Scottish/Northern Irish/British","Person search"
"10-17","2026-06-07T17:43:00+00:00","Male","51.998128","Police and Criminal Evidence Act 1984 (section 1)","-0.985425","Offensive weapons","White","A no further action disposal","","False","","False","White - English/Welsh/Scottish/Northern Irish/British","Person search"
"10-17","2026-06-07T17:49:00+00:00","Male","52.004730","Police and Criminal Evidence Act 1984 (section 1)","-0.747405","Offensive weapons","Black","A no further action disposal","","False","","False","Mixed/Multiple ethnic groups - White and Black African","Person search"
"25-34","2026-06-07T19:19:00+00:00","Male","51.426964","Police and Criminal Evidence Act 1984 (section 1)","-0.946687","Stolen goods","White","Arrest","True","False","","False","White - English/Welsh/Scottish/Northern Irish/British","Person search"
"25-34","2026-06-07T20:56:00+00:00","Male","51.810572","Police and Criminal Evidence Act 1984 (section 1)","-0.806276","Offensive weapons","White","A no further action disposal","","False","","False","White - Any other White background","Person and Vehicle search"
"10-17","2026-06-07T22:00:00+00:00","Male","51.454041","Police and Criminal Evidence Act 1984 (section 1)","-0.969293","Stolen goods","Black","A no further action disposal","","False","","False","Mixed/Multiple ethnic groups - White and Black African","Person search"
"","2026-06-07T22:02:00+00:00","Male","51.815870","Police and Criminal Evidence Act 1984 (section 1)","-0.816321","Offensive weapons","Asian","A no further action disposal","","False","","False","Asian/Asian British - Any other Asian background","Person search"
"10-17","2026-06-07T22:42:00+00:00","Male","51.595720","Police and Criminal Evidence Act 1984 (section 1)","-0.685346","Offensive weapons","White","A no further action disposal","","False","","False","White - English/Welsh/Scottish/Northern Irish/British","Person search"
"25-34","2026-06-07T22:43:00+00:00","Male","51.994691","Police and Criminal Evidence Act 1984 (section 1)","-0.734285","Offensive weapons","White","A no further action disposal","","False","","False","White - English/Welsh/Scottish/Northern Irish/British","Person search"
"18-24","2026-06-07T23:35:00+00:00","Male","51.458679","Police and Criminal Evidence Act 1984 (section 1)","-0.744012","Article for use in theft","White","A no further action disposal","","False","","False","White - English/Welsh/Scottish/Northern Irish/British","Person and Vehicle search"
"18-24","2026-06-07T23:38:00+00:00","Male","51.458679","Police and Criminal Evidence Act 1984 (section 1)","-0.744012","Article for use in theft","White","A no further action disposal","","False","","False","White - English/Welsh/Scottish/Northern Irish/British","Person search"
"18-24","2026-06-07T23:49:00+00:00","Male","51.458679","Police and Criminal Evidence Act 1984 (section 1)","-0.744012","Article for use in theft","White","A no further action disposal","","False","","False","White - English/Welsh/Scottish/Northern Irish/British","Person search"
"over 34","2026-06-07T23:56:00+00:00","Male","51.919407","Misuse of Drugs Act 1971 (section 23)","-0.759654","Controlled drugs","White","A no further action disposal","","False","","False","White - English/Welsh/Scottish/Northern Irish/British","Person search"
"over 34","2026-06-08T00:00:00+00:00","Female","51.915948","Misuse of Drugs Act 1971 (section 23)","-0.754835","Controlled drugs","Black","Community resolution","True","False","","False","Mixed/Multiple ethnic groups - White and Black Caribbean","Person search"
"18-24","2026-06-08T00:00:00+00:00","Male","51.458679","Police and Criminal Evidence Act 1984 (section 1)","-0.744012","Article for use in theft","White","A no further action disposal","","False","","False","White - English/Welsh/Scottish/Northern Irish/British","Person and Vehicle search"
"over 34","2026-06-08T01:35:00+00:00","Male","51.919407","Misuse of Drugs Act 1971 (section 23)","-0.759654","Controlled drugs","White","Community resolution","True","False","","False","White - Gypsy or Irish Traveller","Person search"
"over 34","2026-06-08T01:45:00+00:00","Male","51.633769","Police and Criminal Evidence Act 1984 (section 1)","-0.752519","Offensive weapons","White","Community resolution","True","False","","False","White - English/Welsh/Scottish/Northern Irish/British","Person search"
"over 34","2026-06-08T07:42:00+00:00","Male","51.825050","Police and Criminal Evidence Act 1984 (section 1)","-0.810871","Offensive weapons","White","A no further action disposal","","False","","False","White - English/Welsh/Scottish/Northern Irish/British","Person search"
"over 34","2026-06-08T07:55:00+00:00","Male","52.049866","Misuse of Drugs Act 1971 (section 23)","-0.814407","Controlled drugs","White","Community resolution","True","False","","False","White - English/Welsh/Scottish/Northern Irish/British","Person search"
"over 34","2026-06-08T09:00:00+00:00","Male","51.732541","Police and Criminal Evidence Act 1984 (section 1)","-1.214960","Stolen goods","White","A no further action disposal","","False","","False","Other ethnic group - Not stated","Person search"
"25-34","2026-06-08T09:40:00+00:00","Male","51.813367","Police and Criminal Evidence Act 1984 (section 1)","-1.270289","Stolen goods","White","A no further action disposal","","False","","False","White - Any other White background","Person and Vehicle search"
"over 34","2026-06-08T10:14:00+00:00","Male","52.037464","Misuse of Drugs Act 1971 (section 23)","-0.750499","Controlled drugs","White","A no further action disposal","","False","","False","White - English/Welsh/Scottish/Northern Irish/British","Person search"
"over 34","2026-06-08T10:14:00+00:00","Male","52.019301","Misuse of Drugs Act 1971 (section 23)","-0.733590","Controlled drugs","White","A no further action disposal","","False","","True","White - English/Welsh/Scottish/Northern Irish/British","Person search"
"10-17","2026-06-08T10:15:00+00:00","Male","51.754234","Misuse of Drugs Act 1971 (section 23)","-1.205297","Controlled drugs","Asian","A no further action disposal","","False","","False","Asian/Asian British - Any other Asian background","Person search"
"18-24","2026-06-08T10:45:00+00:00","Male","51.629389","Police and Criminal Evidence Act 1984 (section 1)","-0.747351","Offensive weapons","Asian","A no further action disposal","","False","","False","Asian/Asian British - Pakistani","Person and Vehicle search"
"25-34","2026-06-08T11:00:00+00:00","Male","51.929745","Misuse of Drugs Act 1971 (section 23)","-1.261234","Controlled drugs","Asian","Caution (simple or conditional)","True","False","","False","Other ethnic group - Not stated","Person and Vehicle search"
"25-34","2026-06-08T11:40:00+00:00","Male","51.751129","Misuse of Drugs Act 1971 (section 23)","-1.261369","Controlled drugs","Black","A no further action disposal","","False","","False","Black/African/Caribbean/Black British - African","Person search"
"10-17","2026-06-08T11:40:00+00:00","Male","51.749512","Misuse of Drugs Act 1971 (section 23)","-1.261865","Controlled drugs","Black","A no further action disposal","","False","","False","Other ethnic group - Not stated","Person search"
"18-24","2026-06-08T11:40:00+00:00","Male","51.749440","Misuse of Drugs Act 1971 (section 23)","-1.260180","Controlled drugs","Black","A no further action disposal","","False","","False","Black/African/Caribbean/Black British - African","Person search"
"over 34","2026-06-08T12:00:00+00:00","Male","51.507118","Misuse of Drugs Act 1971 (section 23)","-0.592666","Controlled drugs","Asian","Community resolution","True","False","","False","Other ethnic group - Any other ethnic group","Person and Vehicle search"
"10-17","2026-06-08T12:23:00+00:00","Female","51.510058","Police and Criminal Evidence Act 1984 (section 1)","-0.732253","Offensive weapons","White","A no further action disposal","","False","","False","White - English/Welsh/Scottish/Northern Irish/British","Person search"
"over 34","2026-06-08T12:29:00+00:00","Male","51.447118","Misuse of Drugs Act 1971 (section 23)","-0.986918","Controlled drugs","Black","Community resolution","True","False","","False","Black/African/Caribbean/Black British - Caribbean","Person search"
"","2026-06-08T12:29:00+00:00","Other","51.418747","Police and Criminal Evidence Act 1984 (section 1)","-0.760207","Stolen goods","White","A no further action disposal","","False","","False","Other ethnic group - Not stated","Person search"
"over 34","2026-06-08T12:30:00+00:00","Male","51.403610","Police and Criminal Evidence Act 1984 (section 1)","-1.324541","Stolen goods","White","Arrest","True","False","","False","White - English/Welsh/Scottish/Northern Irish/British","Person search"
"25-34","2026-06-08T12:45:00+00:00","Male","51.630369","Misuse of Drugs Act 1971 (section 23)","-0.752381","Controlled drugs","White","A no further action disposal","","False","","False","White - English/Welsh/Scottish/Northern Irish/British","Person search"
"over 34","2026-06-08T12:46:00+00:00","Female","51.733223","Police and Criminal Evidence Act 1984 (section 1)","-1.217713","Stolen goods","Asian","A no further action disposal","","False","","False","Asian/Asian British - Indian","Person search"
"over 34","2026-06-08T12:47:00+00:00","Male","","Misuse of Drugs Act 1971 (section 23)","","Controlled drugs","White","Community resolution","True","False","","False","White - English/Welsh/Scottish/Northern Irish/British","Person and Vehicle search"
"25-34","2026-06-08T13:00:00+00:00","Male","51.429536","Misuse of Drugs Act 1971 (section 23)","-0.949735","Controlled drugs","Black","Community resolution","True","False","","False","Black/African/Caribbean/Black British - African","Person search"
"over 34","2026-06-08T13:00:00+00:00","Male","51.510269","Misuse of Drugs Act 1971 (section 23)","-0.575103","Controlled drugs","White","Community resolution","True","False","","False","White - English/Welsh/Scottish/Northern Irish/British","Person and Vehicle search"
"over 34","2026-06-08T13:02:00+00:00","Male","51.527218","Misuse of Drugs Act 1971 (section 23)","-0.724266","Controlled drugs","White","Community resolution","True","False","","False","White - English/Welsh/Scottish/Northern Irish/British","Person search"
"18-24","2026-06-08T14:00:00+00:00","Male","51.484644","Misuse of Drugs Act 1971 (section 23)","-0.948469","Controlled drugs","White","Arrest","True","False","","False","White - English/Welsh/Scottish/Northern Irish/British","Person and Vehicle search"
"18-24","2026-06-08T14:00:00+00:00","Female","51.721480","Misuse of Drugs Act 1971 (section 23)","-0.617278","Controlled drugs","White","Community resolution","True","False","","False","White - English/Welsh/Scottish/Northern Irish/British","Person search"
"18-24","2026-06-08T14:00:00+00:00","Male","51.721480","Misuse of Drugs Act 1971 (section 23)","-0.617278","Controlled drugs","White","A no further action disposal","","False","","False","White - English/Welsh/Scottish/Northern Irish/British","Person and Vehicle search"
"over 34","2026-06-08T14:13:00+00:00","Male","51.642523","Misuse of Drugs Act 1971 (section 23)","-0.790779","Controlled drugs","Asian","A no further action disposal","","False","","False","Other ethnic group - Not stated","Person and Vehicle search"
"10-17","2026-06-08T15:10:00+00:00","Male","51.512934","Misuse of Drugs Act 1971 (section 23)","-0.549743","Controlled drugs","Black","A no further action disposal","","False","","False","Other ethnic group - Not stated","Person search"
"over 34","2026-06-08T16:47:00+00:00","Male","51.418001","Police and Criminal Evidence Act 1984 (section 1)","-0.750923","Stolen goods","White","A no further action disposal","","False","","False","White - English/Welsh/Scottish/Northern Irish/British","Person search"
"10-17","2026-06-08T17:00:00+00:00","Male","","Police and Criminal Evidence Act 1984 (section 1)","","Stolen goods","White","Community resolution","True","False","","False","White - English/Welsh/Scottish/Northern Irish/British","Person search"
"10-17","2026-06-08T17:00:00+00:00","Male","51.415505","Misuse of Drugs Act 1971 (section 23)","-0.747942","Controlled drugs","Asian","A no further action disposal","","False","","False","Other ethnic group - Any other ethnic group","Person search"
"","2026-06-08T17:30:00+00:00","Male","51.418001","Police and Criminal Evidence Act 1984 (section 1)","-0.750923","Stolen goods","White","A no further action disposal","","False","","False","White - English/Welsh/Scottish/Northern Irish/British","Person search"
"18-24","2026-06-08T17:30:00+00:00","Male","51.417299","Police and Criminal Evidence Act 1984 (section 1)","-0.750065","Stolen goods","White","A no further action disposal","","False","","False","White - English/Welsh/Scottish/Northern Irish/British","Person search"
"18-24","2026-06-08T18:10:00+00:00","Male","51.523517","Misuse of Drugs Act 1971 (section 23)","-0.622042","Controlled drugs","Asian","A no further action disposal","","False","","False","Black/African/Caribbean/Black British - Caribbean","Person and Vehicle search"
"18-24","2026-06-08T18:33:00+00:00","Male","","Misuse of Drugs Act 1971 (section 23)","","Controlled drugs","Asian","A no further action disposal","","False","","False","Asian/Asian British - Pakistani","Person search"
"","2026-06-08T19:45:00+00:00","Female","52.053339","Police and Criminal Evidence Act 1984 (section 1)","-0.819973","Stolen goods","White","A no further action disposal","","False","","False","White - English/Welsh/Scottish/Northern Irish/British","Person search"
"","2026-06-08T20:13:00+00:00","Male","51.792816","Misuse of Drugs Act 1971 (section 23)","-1.492999","Controlled drugs","White","A no further action disposal","","False","","False","White - English/Welsh/Scottish/Northern Irish/British","Person search"
"over 34","2026-06-08T21:00:00+00:00","Male","51.738956","Police and Criminal Evidence Act 1984 (section 1)","-1.234862","Offensive weapons","White","Arrest","True","False","","False","Other ethnic group - Not stated","Person search"
"10-17","2026-06-08T21:55:00+00:00","Male","51.816150","Police and Criminal Evidence Act 1984 (section 1)","-0.818228","Offensive weapons","Black","A no further action disposal","","False","","False","Other ethnic group - Not stated","Person search"
"over 34","2026-06-08T22:00:00+00:00","Female","","Police and Criminal Evidence Act 1984 (section 1)","","Offensive weapons","Asian","A no further action disposal","","False","","False","Mixed/Multiple ethnic groups - Any other Mixed/Multiple ethnic background","Person search"
"25-34","2026-06-08T22:02:00+00:00","Male","51.817283","Police and Criminal Evidence Act 1984 (section 1)","-0.821782","Offensive weapons","Black","A no further action disposal","","False","","False","Black/African/Caribbean/Black British - African","Person search"
"10-17","2026-06-08T22:45:00+00:00","Male","51.814408","Police and Criminal Evidence Act 1984 (section 1)","-0.814836","Stolen goods","Black","Arrest","True","False","","False","Mixed/Multiple ethnic groups - White and Black Caribbean","Person search"
"10-17","2026-06-08T22:46:00+00:00","Male","51.814408","Police and Criminal Evidence Act 1984 (section 1)","-0.814836","Offensive weapons","Black","A no further action disposal","","False","","False","Mixed/Multiple ethnic groups - White and Black Caribbean","Person search"
"10-17","2026-06-08T22:53:00+00:00","Male","51.814408","Police and Criminal Evidence Act 1984 (section 1)","-0.814836","Offensive weapons","Black","A no further action disposal","","False","","False","Black/African/Caribbean/Black British - African","Person search"
"over 34","2026-06-09T00:01:00+00:00","Male","51.400416","Misuse of Drugs Act 1971 (section 23)","-1.263092","Controlled drugs","White","A no further action disposal","","False","","False","White - English/Welsh/Scottish/Northern Irish/British","Person search"
"18-24","2026-06-09T00:30:00+00:00","Male","52.005853","Misuse of Drugs Act 1971 (section 23)","-0.697548","Controlled drugs","White","A no further action disposal","","False","","False","White - English/Welsh/Scottish/Northern Irish/British","Person and Vehicle search"
"over 34","2026-06-09T00:40:00+00:00","Male","52.005853","Misuse of Drugs Act 1971 (section 23)","-0.697548","Controlled drugs","Asian","A no further action disposal","","False","","False","Asian/Asian British - Pakistani","Person and Vehicle search"
"","2026-06-09T00:40:00+00:00","Male","52.005853","Misuse of Drugs Act 1971 (section 23)","-0.697548","Controlled drugs","Asian","A no further action disposal","","False","","False","Asian/Asian British - Any other Asian background","Person and Vehicle search"
"18-24","2026-06-09T00:40:00+00:00","Male","52.005853","Misuse of Drugs Act 1971 (section 23)","-0.697548","Controlled drugs","White","A no further action disposal","","False","","False","White - English/Welsh/Scottish/Northern Irish/British","Person search"
"","2026-06-09T00:48:00+00:00","Male","52.005853","Misuse of Drugs Act 1971 (section 23)","-0.697548","Controlled drugs","Asian","A no further action disposal","","False","","False","Other ethnic group - Not stated","Person and Vehicle search"
"25-34","2026-06-09T02:50:00+00:00","Male","51.507909","Firearms Act 1968 (section 47)","-0.742299","Firearms","White","A no further action disposal","","False","","False","Other ethnic group - Not stated","Person search"
"over 34","2026-06-09T07:55:00+00:00","Male","51.503542","Misuse of Drugs Act 1971 (section 23)","-0.578742","Controlled drugs","Asian","Community resolution","True","False","","False","Asian/Asian British - Bangladeshi","Person search"
"18-24","2026-06-09T08:30:00+00:00","Male","52.012836","Misuse of Drugs Act 1971 (section 23)","-0.766587","Controlled drugs","White","Community resolution","True","False","","False","White - English/Welsh/Scottish/Northern Irish/British","Person and Vehicle search"
"over 34","2026-06-09T09:45:00+00:00","Male","51.993181","Misuse of Drugs Act 1971 (section 23)","-0.758884","Controlled drugs","White","A no further action disposal","","False","","False","White - English/Welsh/Scottish/Northern Irish/British","Person search"
"over 34","2026-06-09T10:00:00+00:00","Male","51.507187","Police and Criminal Evidence Act 1984 (section 1)","-0.597664","Article for use in theft","White","A no further action disposal","","False","","False","White - Any other White background","Person and Vehicle search"
"25-34","2026-06-09T10:10:00+00:00","Male","52.043183","Misuse of Drugs Act 1971 (section 23)","-0.770228","Controlled drugs","Black","A no further action disposal","","False","","False","Mixed/Multiple ethnic groups - White and Black Caribbean","Person and Vehicle search"
"over 34","2026-06-09T10:10:00+00:00","Male","51.510514","Police and Criminal Evidence Act 1984 (section 1)","-0.612073","Stolen goods","White","A no further action disposal","","False","","False","White - Any other White background","Person search"
"over 34","2026-06-09T10:27:00+00:00","Male","52.041528","Misuse of Drugs Act 1971 (section 23)","-0.759834","Controlled drugs","White","A no further action disposal","","False","","False","White - English/Welsh/Scottish/Northern Irish/British","Person search"
"18-24","2026-06-09T10:30:00+00:00","Female","52.087499","Police and Criminal Evidence Act 1984 (section 1)","-0.743658","Stolen goods","White","A no further action disposal","","False","","False","White - English/Welsh/Scottish/Northern Irish/British","Person search"
"25-34","2026-06-09T10:30:00+00:00","Male","52.087499","Police and Criminal Evidence Act 1984 (section 1)","-0.743658","Stolen goods","White","Arrest","True","False","","False","White - English/Welsh/Scottish/Northern Irish/British","Person search"
"over 34","2026-06-09T10:30:00+00:00","Male","52.087499","Police and Criminal Evidence Act 1984 (section 1)","-0.743658","Stolen goods","White","Arrest","True","False","","False","White - English/Welsh/Scottish/Northern Irish/British","Person search"
"over 34","2026-06-09T10:30:00+00:00","Male","52.087499","Police and Criminal Evidence Act 1984 (section 1)","-0.743658","Stolen goods","White","Arrest","True","False","","False","White - English/Welsh/Scottish/Northern Irish/British","Person search"
"over 34","2026-06-09T10:40:00+00:00","Female","52.046289","Misuse of Drugs Act 1971 (section 23)","-0.750137","Controlled drugs","White","A no further action disposal","","False","","False","White - English/Welsh/Scottish/Northern Irish/British","Person search"
"over 34","2026-06-09T10:53:00+00:00","Male","52.045625","Misuse of Drugs Act 1971 (section 23)","-0.765583","Controlled drugs","Black","A no further action disposal","","False","","False","Other ethnic group - Not stated","Person search"
"10-17","2026-06-09T11:30:00+00:00","Male","54.386170","Misuse of Drugs Act 1971 (section 23)","-7.252067","Controlled drugs","Asian","A no further action disposal","","False","","False","Other ethnic group - Not stated","Person search"
"over 34","2026-06-09T11:30:00+00:00","Male","51.796622","Misuse of Drugs Act 1971 (section 23)","-0.805862","Controlled drugs","White","A no further action disposal","","False","","False","White - Any other White background","Person search"
"over 34","2026-06-09T11:32:00+00:00","Male","51.797104","Misuse of Drugs Act 1971 (section 23)","-0.808213","Controlled drugs","White","Arrest","True","False","","False","White - English/Welsh/Scottish/Northern Irish/British","Person and Vehicle search"
"over 34","2026-06-09T12:14:00+00:00","Male","51.768304","Misuse of Drugs Act 1971 (section 23)","-1.201152","Controlled drugs","White","A no further action disposal","","False","","False","White - English/Welsh/Scottish/Northern Irish/British","Person search"
"25-34","2026-06-09T13:22:00+00:00","Male","51.586966","Misuse of Drugs Act 1971 (section 23)","-1.427699","Controlled drugs","Black","Arrest","True","False","","False","Other ethnic group - Any other ethnic group","Person and Vehicle search"
"25-34","2026-06-09T13:30:00+00:00","Male","51.453214","Police and Criminal Evidence Act 1984 (section 1)","-0.949062","Stolen goods","White","Community resolution","True","False","","False","White - English/Welsh/Scottish/Northern Irish/British","Person search"
"over 34","2026-06-09T13:50:00+00:00","Male","51.984272","Misuse of Drugs Act 1971 (section 23)","-0.729453","Controlled drugs","White","A no further action disposal","","False","","False","White - English/Welsh/Scottish/Northern Irish/British","Person and Vehicle search"
"over 34","2026-06-09T13:54:00+00:00","Female","","Misuse of Drugs Act 1971 (section 23)","","Controlled drugs","White","A no further action disposal","","False","","False","White - English/Welsh/Scottish/Northern Irish/British","Person search"
"10-17","2026-06-09T14:30:00+00:00","Male","51.748959","Police and Criminal Evidence Act 1984 (section 1)","-0.980761","Stolen goods","White","A no further action disposal","","False","","False","White - English/Welsh/Scottish/Northern Irish/British","Person search"
"over 34","2026-06-09T14:30:00+00:00","Male","51.820417","Misuse of Drugs Act 1971 (section 23)","-0.808018","Controlled drugs","Asian","Community resolution","True","False","","False","Asian/Asian British - Pakistani","Person search"
"18-24","2026-06-09T14:45:00+00:00","Male","51.747990","Police and Criminal Evidence Act 1984 (section 1)","-0.978957","Stolen goods","White","A no further action disposal","","False","","False","White - English/Welsh/Scottish/Northern Irish/British","Person search"
"over 34","2026-06-09T15:24:00+00:00","Female","51.385228","Police and Criminal Evidence Act 1984 (section 1)","-1.316218","Stolen goods","White","Arrest","True","False","","False","White - English/Welsh/Scottish/Northern Irish/British","Person search"
"over 34","2026-06-09T16:02:00+00:00","Male","51.749679","Misuse of Drugs Act 1971 (section 23)","-1.231552","Controlled drugs","Black","A no further action disposal","","False","","True","Black/African/Caribbean/Black British - African","Person search"
"18-24","2026-06-09T16:25:00+00:00","Male","51.749679","Misuse of Drugs Act 1971 (section 23)","-1.231552","Controlled drugs","White","A no further action disposal","","False","","True","White - English/Welsh/Scottish/Northern Irish/British","Person search"
"10-17","2026-06-09T16:30:00+00:00","Female","51.399980","Police and Criminal Evidence Act 1984 (section 1)","-1.326607","Article for use in theft","Black","A no further action disposal","","False","","False","Black/African/Caribbean/Black British - African","Person search"
"10-17","2026-06-09T16:30:00+00:00","Female","51.399980","Police and Criminal Evidence Act 1984 (section 1)","-1.326607","Article for use in theft","White","A no further action disposal","","False","","False","White - English/Welsh/Scottish/Northern Irish/British","Person search"
"10-17","2026-06-09T16:30:00+00:00","Female","51.399980","Police and Criminal Evidence Act 1984 (section 1)","-1.326607","Article for use in theft","White","A no further action disposal","","False","","False","White - English/Welsh/Scottish/Northern Irish/British","Person search"
"10-17","2026-06-09T16:30:00+00:00","Female","51.399980","Police and Criminal Evidence Act 1984 (section 1)","-1.326607","Article for use in theft","White","A no further action disposal","","False","","False","White - English/Welsh/Scottish/Northern Irish/British","Person search"
"over 34","2026-06-09T16:45:00+00:00","Female","51.516204","Police and Criminal Evidence Act 1984 (section 1)","-0.641877","Offensive weapons","Asian","A no further action disposal","","True","","False","Asian/Asian British - Any other Asian background","Person search"
"25-34","2026-06-09T17:18:00+00:00","Male","51.632075","Misuse of Drugs Act 1971 (section 23)","-0.747899","Controlled drugs","Asian","A no further action disposal","","False","","False","Other ethnic group - Not stated","Person and Vehicle search"
"18-24","2026-06-09T18:15:00+00:00","Male","51.505593","Police and Criminal Evidence Act 1984 (section 1)","-0.727637","Offensive weapons","Asian","A no further action disposal","","False","","False","Asian/Asian British - Pakistani","Person and Vehicle search"
"18-24","2026-06-09T18:20:00+00:00","Male","51.503131","Misuse of Drugs Act 1971 (section 23)","-0.718700","Controlled drugs","Asian","A no further action disposal","","False","","False","Asian/Asian British - Pakistani","Person and Vehicle search"
"18-24","2026-06-09T18:25:00+00:00","Male","51.505593","Police and Criminal Evidence Act 1984 (section 1)","-0.727637","Offensive weapons","White","A no further action disposal","","False","","False","White - English/Welsh/Scottish/Northern Irish/British","Person and Vehicle search"
"18-24","2026-06-09T18:35:00+00:00","Male","51.505593","Misuse of Drugs Act 1971 (section 23)","-0.727637","Controlled drugs","Asian","A no further action disposal","","False","","False","Asian/Asian British - Pakistani","Person and Vehicle search"
"25-34","2026-06-09T18:47:00+00:00","Male","51.982644","Misuse of Drugs Act 1971 (section 23)","-0.731144","Controlled drugs","Asian","A no further action disposal","","False","","False","Asian/Asian British - Pakistani","Person and Vehicle search"
"10-17","2026-06-09T19:30:00+00:00","Male","51.713734","Police and Criminal Evidence Act 1984 (section 1)","-0.608539","Offensive weapons","White","A no further action disposal","","False","","False","Other ethnic group - Not stated","Person search"
"10-17","2026-06-09T19:30:00+00:00","Male","51.713734","Police and Criminal Evidence Act 1984 (section 1)","-0.608539","Offensive weapons","White","A no further action disposal","","False","","False","Other ethnic group - Not stated","Person search"
"18-24","2026-06-09T20:30:00+00:00","Male","52.012836","Misuse of Drugs Act 1971 (section 23)","-0.766587","Controlled drugs","White","Community resolution","True","False","","False","White - English/Welsh/Scottish/Northern Irish/British","Person and Vehicle search"
"25-34","2026-06-09T20:57:00+00:00","Male","51.630472","Misuse of Drugs Act 1971 (section 23)","-0.794090","Controlled drugs","Asian","Community resolution","True","False","","False","Asian/Asian British - Any other Asian background","Person search"
"25-34","2026-06-09T21:30:00+00:00","Male","51.762616","Police and Criminal Evidence Act 1984 (section 1)","-1.185878","Article for use in theft","Asian","A no further action disposal","","False","","False","Other ethnic group - Not stated","Person search"
"25-34","2026-06-09T21:30:00+00:00","Male","51.762616","Police and Criminal Evidence Act 1984 (section 1)","-1.185878","Article for use in theft","Asian","A no further action disposal","","False","","False","Asian/Asian British - Any other Asian background","Person and Vehicle search"
"","2026-06-09T22:00:00+00:00","Female","51.748770","Police and Criminal Evidence Act 1984 (section 1)","-1.235609","Articles for use in criminal damage","White","A no further action disposal","","False","","False","Other ethnic group - Not stated","Person search"
"","2026-06-09T22:00:00+00:00","Other","51.749976","Police and Criminal Evidence Act 1984 (section 1)","-1.237182","Articles for use in criminal damage","White","A no further action disposal","","False","","False","Other ethnic group - Not stated","Person search"
"","2026-06-09T22:05:00+00:00","","51.728680","Police and Criminal Evidence Act 1984 (section 1)","-1.256016","Stolen goods","","","","False","","","","Vehicle search"
"over 34","2026-06-09T22:09:00+00:00","Female","51.504667","Misuse of Drugs Act 1971 (section 23)","-0.590782","Controlled drugs","Asian","A no further action disposal","","False","","False","Asian/Asian British - Any other Asian background","Person and Vehicle search"
"over 34","2026-06-09T22:28:00+00:00","Male","51.385228","Police and Criminal Evidence Act 1984 (section 1)","-1.316218","Stolen goods","White","A no further action disposal","","False","","False","Other ethnic group - Not stated","Person search"
"25-34","2026-06-09T22:32:00+00:00","Male","51.750077","Misuse of Drugs Act 1971 (section 23)","-1.200908","Controlled drugs","Asian","Community resolution","True","False","","False","Asian/Asian British - Any other Asian background","Person search"
"18-24","2026-06-09T22:42:00+00:00","Male","51.750077","Misuse of Drugs Act 1971 (section 23)","-1.200908","Controlled drugs","Asian","A no further action disposal","","False","","False","Asian/Asian British - Any other Asian background","Person search"
"25-34","2026-06-09T22:50:00+00:00","Male","52.069914","Misuse of Drugs Act 1971 (section 23)","-0.766868","Controlled drugs","Black","A no further action disposal","","False","","False","Mixed/Multiple ethnic groups - White and Black Caribbean","Person search"
"18-24","2026-06-10T03:31:00+00:00","Male","51.736242","Police and Criminal Evidence Act 1984 (section 1)","-1.207871","Offensive weapons","White","A no further action disposal","","False","","False","Asian/Asian British - Indian","Person search"
"18-24","2026-06-10T07:30:00+00:00","Male","","Police and Criminal Evidence Act 1984 (section 1)","","Article for use in theft","White","A no further action disposal","","False","","False","White - English/Welsh/Scottish/Northern Irish/British","Person search"
"over 34","2026-06-10T08:15:00+00:00","Male","51.454753","Police and Criminal Evidence Act 1984 (section 1)","-0.984979","Offensive weapons","White","A no further action disposal","","False","","False","Other ethnic group - Not stated","Person search"
"over 34","2026-06-10T09:25:00+00:00","Male","51.703430","Police and Criminal Evidence Act 1984 (section 1)","-0.612386","Offensive weapons","White","A no further action disposal","","False","","False","White - English/Welsh/Scottish/Northern Irish/British","Person search"
"25-34","2026-06-10T09:30:00+00:00","Male","","Police and Criminal Evidence Act 1984 (section 1)","","Offensive weapons","White","A no further action disposal","","False","","False","Other ethnic group - Not stated","Person search"
"10-17","2026-06-10T09:36:00+00:00","Male","51.762487","Misuse of Drugs Act 1971 (section 23)","-1.199849","Controlled drugs","Asian","A no further action disposal","","False","","False","Other ethnic group - Not stated","Person search"
"over 34","2026-06-10T10:55:00+00:00","Male","51.385712","Police and Criminal Evidence Act 1984 (section 1)","-1.316053","Article for use in theft","White","A no further action disposal","","False","","False","Other ethnic group - Not stated","Person search"
"over 34","2026-06-10T11:01:00+00:00","Male","51.403424","Police and Criminal Evidence Act 1984 (section 1)","-1.323466","Stolen goods","White","A no further action disposal","","False","","False","Other ethnic group - Not stated","Person search"
"over 34","2026-06-10T11:30:00+00:00","Male","51.442293","Misuse of Drugs Act 1971 (section 23)","-1.011586","Controlled drugs","White","A no further action disposal","","False","","False","Other ethnic group - Not stated","Person search"
"over 34","2026-06-10T13:00:00+00:00","Female","51.904129","Misuse of Drugs Act 1971 (section 23)","-1.165546","Controlled drugs","White","A no further action disposal","","False","","False","White - English/Welsh/Scottish/Northern Irish/British","Person search"
"25-34","2026-06-10T13:10:00+00:00","Female","51.904129","Misuse of Drugs Act 1971 (section 23)","-1.165546","Controlled drugs","White","Community resolution","True","False","","True","White - English/Welsh/Scottish/Northern Irish/British","Person search"
"over 34","2026-06-10T13:30:00+00:00","Female","51.460527","Misuse of Drugs Act 1971 (section 23)","-1.032956","Controlled drugs","White","Community resolution","True","True","","False","White - English/Welsh/Scottish/Northern Irish/British","Person search"
"over 34","2026-06-10T13:56:00+00:00","Male","52.039879","Misuse of Drugs Act 1971 (section 23)","-0.756104","Controlled drugs","White","Community resolution","True","False","","False","White - English/Welsh/Scottish/Northern Irish/British","Person search"
"18-24","2026-06-10T14:36:00+00:00","Male","51.829933","Police and Criminal Evidence Act 1984 (section 1)","-0.837096","Article for use in theft","Asian","A no further action disposal","","False","","False","Asian/Asian British - Pakistani","Person search"
"18-24","2026-06-10T15:00:00+00:00","Male","52.058694","Misuse of Drugs Act 1971 (section 23)","-1.340365","Controlled drugs","White","A no further action disposal","","False","","False","White - English/Welsh/Scottish/Northern Irish/British","Person search"
"over 34","2026-06-10T15:05:00+00:00","Male","51.256566","Misuse of Drugs Act 1971 (section 23)","-0.350152","Controlled drugs","White","A no further action disposal","","False","","False","White - English/Welsh/Scottish/Northern Irish/British","Person search"
"over 34","2026-06-10T15:20:00+00:00","Male","51.256566","Misuse of Drugs Act 1971 (section 23)","-0.350152","Controlled drugs","White","Community resolution","True","False","","False","White - English/Welsh/Scottish/Northern Irish/British","Person search"
"10-17","2026-06-10T15:30:00+00:00","Male","51.754977","Misuse of Drugs Act 1971 (section 23)","-1.220916","Controlled drugs","Asian","A no further action disposal","","False","","False","Asian/Asian British - Any other Asian background","Person search"
"10-17","2026-06-10T16:00:00+00:00","Male","51.754526","Misuse of Drugs Act 1971 (section 23)","-1.222184","Controlled drugs","Asian","A no further action disposal","","False","","False","Asian/Asian British - Any other Asian background","Person search"
"over 34","2026-06-10T16:05:00+00:00","Female","51.410710","Misuse of Drugs Act 1971 (section 23)","-0.836747","Controlled drugs","Black","A no further action disposal","","False","","False","Black/African/Caribbean/Black British - African","Person search"
"over 34","2026-06-10T16:06:00+00:00","Male","51.734469","Misuse of Drugs Act 1971 (section 23)","-1.213889","Controlled drugs","White","Community resolution","True","False","","False","White - English/Welsh/Scottish/Northern Irish/British","Person search"
"10-17","2026-06-10T16:40:00+00:00","Male","51.739968","Misuse of Drugs Act 1971 (section 23)","-1.218594","Controlled drugs","White","A no further action disposal","","False","","False","White - English/Welsh/Scottish/Northern Irish/British","Person search"
"25-34","2026-06-10T16:44:00+00:00","Male","51.734469","Misuse of Drugs Act 1971 (section 23)","-1.213889","Controlled drugs","White","A no further action disposal","","False","","False","White - English/Welsh/Scottish/Northern Irish/British","Person and Vehicle search"
"18-24","2026-06-10T18:45:00+00:00","Male","51.819058","Police and Criminal Evidence Act 1984 (section 1)","-0.802585","Offensive weapons","Black","A no further action disposal","","False","","False","Other ethnic group - Not stated","Person search"
"18-24","2026-06-10T19:00:00+00:00","Female","51.817163","Police and Criminal Evidence Act 1984 (section 1)","-0.815184","Offensive weapons","Asian","A no further action disposal","","False","","False","Other ethnic group - Not stated","Person search"
"25-34","2026-06-10T19:24:00+00:00","Male","52.032428","Misuse of Drugs Act 1971 (section 23)","-0.758905","Controlled drugs","White","Community resolution","True","False","","False","Mixed/Multiple ethnic groups - White and Black Caribbean","Person search"
"25-34","2026-06-10T19:50:00+00:00","Male","52.026594","Misuse of Drugs Act 1971 (section 23)","-0.771951","Controlled drugs","Asian","Community resolution","True","False","","True","Mixed/Multiple ethnic groups - Any other Mixed/Multiple ethnic background","Person and Vehicle search"
"25-34","2026-06-10T20:08:00+00:00","Male","52.026594","Misuse of Drugs Act 1971 (section 23)","-0.771951","Controlled drugs","Black","Community resolution","True","False","","False","Black/African/Caribbean/Black British - African","Person and Vehicle search"
"18-24","2026-06-10T21:45:00+00:00","Female","51.997992","Misuse of Drugs Act 1971 (section 23)","-0.714542","Controlled drugs","White","Community resolution","True","False","","False","White - Irish","Person search"
"18-24","2026-06-10T21:45:00+00:00","Female","51.997992","Misuse of Drugs Act 1971 (section 23)","-0.714542","Controlled drugs","White","Community resolution","True","False","","False","White - English/Welsh/Scottish/Northern Irish/British","Person search"
"over 34","2026-06-10T22:08:00+00:00","Male","51.521897","Firearms Act 1968 (section 47)","-0.692589","Firearms","Asian","A no further action disposal","","False","","False","Asian/Asian British - Indian","Person search"
"over 34","2026-06-10T23:02:00+00:00","Male","51.444681","Police and Criminal Evidence Act 1984 (section 1)","-1.017506","Stolen goods","White","A no further action disposal","","False","","False","White - English/Welsh/Scottish/Northern Irish/British","Person search"
"","2026-06-10T23:10:00+00:00","Male","52.033318","Police and Criminal Evidence Act 1984 (section 1)","-0.735206","Offensive weapons","Black","A no further action disposal","","False","","False","Black/African/Caribbean/Black British - Any other Black/African/Caribbean background","Person search"
"25-34","2026-06-11T01:00:00+00:00","Male","51.510044","Police and Criminal Evidence Act 1984 (section 1)","-0.598988","Article for use in theft","Black","A no further action disposal","","False","","False","Black/African/Caribbean/Black British - African","Person search"
"over 34","2026-06-11T01:00:00+00:00","Male","51.509057","Police and Criminal Evidence Act 1984 (section 1)","-0.596122","Offensive weapons","Asian","A no further action disposal","","False","","False","Other ethnic group - Not stated","Person search"
"over 34","2026-06-11T03:20:00+00:00","Male","","Police and Criminal Evidence Act 1984 (section 1)","","Article for use in theft","White","A no further action disposal","","False","","False","White - English/Welsh/Scottish/Northern Irish/British","Person search"
"10-17","2026-06-11T04:12:00+00:00","Male","51.506587","Police and Criminal Evidence Act 1984 (section 1)","-0.605449","Offensive weapons","Asian","A no further action disposal","","False","","False","Asian/Asian British - Indian","Person search"
"over 34","2026-06-11T08:00:00+00:00","Male","51.506844","Misuse of Drugs Act 1971 (section 23)","-0.590124","Controlled drugs","Asian","Community resolution","True","False","","False","Asian/Asian British - Indian","Person search"
"over 34","2026-06-11T12:49:00+00:00","Male","52.053643","Misuse of Drugs Act 1971 (section 23)","-0.813490","Controlled drugs","White","A no further action disposal","","False","","False","White - Irish","Person and Vehicle search"
"over 34","2026-06-11T12:55:00+00:00","Male","","Misuse of Drugs Act 1971 (section 23)","","Controlled drugs","Asian","A no further action disposal","","False","","False","Other ethnic group - Not stated","Person search"
"10-17","2026-06-11T13:00:00+00:00","Male","51.742299","Misuse of Drugs Act 1971 (section 23)","-1.227724","Controlled drugs","Other","A no further action disposal","","False","","False","Other ethnic group - Not stated","Person search"
"over 34","2026-06-11T13:21:00+00:00","Male","51.403610","Police and Criminal Evidence Act 1984 (section 1)","-1.324541","Stolen goods","White","A no further action disposal","","False","","False","White - English/Welsh/Scottish/Northern Irish/British","Person search"
"over 34","2026-06-11T13:30:00+00:00","Male","51.527067","Police and Criminal Evidence Act 1984 (section 1)","-0.615736","Stolen goods","Asian","Community resolution","True","False","","False","Asian/Asian British - Indian","Person search"
"25-34","2026-06-11T13:35:00+00:00","Male","51.509157","Police and Criminal Evidence Act 1984 (section 1)","-0.590240","Offensive weapons","White","Community resolution","True","False","","False","White - English/Welsh/Scottish/Northern Irish/British","Person search"
"18-24","2026-06-11T13:45:00+00:00","Male","52.031116","Misuse of Drugs Act 1971 (section 23)","-0.759889","Controlled drugs","Other","Arrest","True","False","","False","Other ethnic group - Not stated","Person search"
"18-24","2026-06-11T14:00:00+00:00","Male","","Misuse of Drugs Act 1971 (section 23)","","Controlled drugs","Asian","A no further action disposal","","False","","False","Asian/Asian British - Pakistani","Person and Vehicle search"
"18-24","2026-06-11T14:15:00+00:00","Male","","Misuse of Drugs Act 1971 (section 23)","","Controlled drugs","Black","A no further action disposal","","False","","False","Black/African/Caribbean/Black British - Any other Black/African/Caribbean background","Person and Vehicle search"
"18-24","2026-06-11T14:15:00+00:00","Male","","Misuse of Drugs Act 1971 (section 23)","","Controlled drugs","Black","A no further action disposal","","False","","False","Black/African/Caribbean/Black British - African","Person and Vehicle search"
"10-17","2026-06-11T14:15:00+00:00","Male","51.733736","Misuse of Drugs Act 1971 (section 23)","-1.214967","Controlled drugs","White","Community resolution","True","False","","False","White - English/Welsh/Scottish/Northern Irish/British","Person search"
"10-17","2026-06-11T14:55:00+00:00","Female","51.404033","Police and Criminal Evidence Act 1984 (section 1)","-1.322997","Stolen goods","White","Community resolution","True","False","","False","White - English/Welsh/Scottish/Northern Irish/British","Person search"
"10-17","2026-06-11T15:04:00+00:00","Female","51.403610","Police and Criminal Evidence Act 1984 (section 1)","-1.324541","Stolen goods","White","Community resolution","True","False","","False","White - English/Welsh/Scottish/Northern Irish/British","Person search"
"10-17","2026-06-11T15:07:00+00:00","Male","51.403424","Police and Criminal Evidence Act 1984 (section 1)","-1.323466","Stolen goods","White","A no further action disposal","","False","","False","White - English/Welsh/Scottish/Northern Irish/British","Person search"
"18-24","2026-06-11T15:10:00+00:00","Male","51.404033","Police and Criminal Evidence Act 1984 (section 1)","-1.322997","Stolen goods","White","A no further action disposal","","False","","False","White - English/Welsh/Scottish/Northern Irish/British","Person search"
"25-34","2026-06-11T15:25:00+00:00","Male","52.034986","Police and Criminal Evidence Act 1984 (section 1)","-0.769695","Offensive weapons","Other","A no further action disposal","","False","","False","Mixed/Multiple ethnic groups - Any other Mixed/Multiple ethnic background","Person search"
"10-17","2026-06-11T15:40:00+00:00","Female","51.403610","Police and Criminal Evidence Act 1984 (section 1)","-1.324541","Stolen goods","White","A no further action disposal","","False","","False","White - English/Welsh/Scottish/Northern Irish/British","Person search"
"18-24","2026-06-11T15:40:00+00:00","Male","52.043896","Misuse of Drugs Act 1971 (section 23)","-0.785227","Controlled drugs","Black","A no further action disposal","","False","","True","Black/African/Caribbean/Black British - Any other Black/African/Caribbean background","Person search"
"","2026-06-11T16:15:00+00:00","Male","51.403610","Police and Criminal Evidence Act 1984 (section 1)","-1.324541","Stolen goods","White","Community resolution","True","False","","False","White - English/Welsh/Scottish/Northern Irish/British","Person search"
"25-34","2026-06-11T17:05:00+00:00","Male","51.403610","Misuse of Drugs Act 1971 (section 23)","-1.324541","Controlled drugs","White","Community resolution","True","False","","False","White - English/Welsh/Scottish/Northern Irish/British","Person search"
"over 34","2026-06-11T17:30:00+00:00","Male","51.630912","Misuse of Drugs Act 1971 (section 23)","-0.753537","Controlled drugs","White","A no further action disposal","","False","","False","White - English/Welsh/Scottish/Northern Irish/British","Person search"
"","2026-06-11T17:45:00+00:00","","51.892379","Police and Criminal Evidence Act 1984 (section 1)","-1.155679","Stolen goods","","","","False","","","","Vehicle search"
"18-24","2026-06-11T18:00:00+00:00","Male","51.402642","Misuse of Drugs Act 1971 (section 23)","-1.329803","Controlled drugs","White","Community resolution","True","False","","False","White - English/Welsh/Scottish/Northern Irish/British","Person and Vehicle search"
"18-24","2026-06-11T18:25:00+00:00","Male","51.402642","Misuse of Drugs Act 1971 (section 23)","-1.329803","Controlled drugs","White","Arrest","True","False","","False","White - English/Welsh/Scottish/Northern Irish/British","Person search"
"25-34","2026-06-11T18:27:00+00:00","Male","51.976950","Misuse of Drugs Act 1971 (section 23)","-0.722540","Controlled drugs","White","Community resolution","True","False","","False","White - English/Welsh/Scottish/Northern Irish/British","Person search"
"18-24","2026-06-11T19:50:00+00:00","Male","51.733859","Misuse of Drugs Act 1971 (section 23)","-0.941712","Controlled drugs","White","Community resolution","True","False","","False","White - English/Welsh/Scottish/Northern Irish/British","Person and Vehicle search"
"18-24","2026-06-11T19:55:00+00:00","Female","51.525082","Misuse of Drugs Act 1971 (section 23)","-0.494752","Controlled drugs","Asian","Community resolution","True","False","","False","Asian/Asian British - Any other Asian background","Person search"
"18-24","2026-06-11T20:05:00+00:00","Female","51.733859","Misuse of Drugs Act 1971 (section 23)","-0.941712","Controlled drugs","White","Community resolution","True","False","","False","White - English/Welsh/Scottish/Northern Irish/British","Person and Vehicle search"
"18-24","2026-06-11T20:13:00+00:00","Male","51.517652","Misuse of Drugs Act 1971 (section 23)","-0.502247","Controlled drugs","Asian","Community resolution","True","False","","False","Other ethnic group - Not stated","Person and Vehicle search"
"18-24","2026-06-11T20:32:00+00:00","Male","51.531110","Misuse of Drugs Act 1971 (section 23)","-0.577149","Controlled drugs","White","A no further action disposal","","False","","False","White - English/Welsh/Scottish/Northern Irish/British","Person search"
"25-34","2026-06-11T20:49:00+00:00","Male","52.059506","Misuse of Drugs Act 1971 (section 23)","-0.787152","Controlled drugs","White","A no further action disposal","","False","","False","White - English/Welsh/Scottish/Northern Irish/British","Person and Vehicle search"
"18-24","2026-06-11T21:02:00+00:00","Male","51.507568","Misuse of Drugs Act 1971 (section 23)","-0.611600","Controlled drugs","Asian","Community resolution","True","False","","False","Asian/Asian British - Indian","Person and Vehicle search"
"25-34","2026-06-11T21:17:00+00:00","Male","51.507568","Misuse of Drugs Act 1971 (section 23)","-0.611600","Controlled drugs","Asian","A no further action disposal","","False","","False","Asian/Asian British - Pakistani","Person and Vehicle search"
"18-24","2026-06-11T21:50:00+00:00","Male","51.401735","Misuse of Drugs Act 1971 (section 23)","-0.754428","Controlled drugs","White","Community resolution","True","False","","False","White - Any other White background","Person search"
"25-34","2026-06-11T22:30:00+00:00","Male","52.038713","Misuse of Drugs Act 1971 (section 23)","-0.744545","Controlled drugs","White","Community resolution","True","False","","False","White - English/Welsh/Scottish/Northern Irish/British","Person search"
"25-34","2026-06-11T22:38:00+00:00","Male","51.817793","Police and Criminal Evidence Act 1984 (section 1)","-0.812600","Stolen goods","White","A no further action disposal","","False","","False","White - Any other White background","Person search"
"18-24","2026-06-11T22:50:00+00:00","Male","51.664180","Misuse of Drugs Act 1971 (section 23)","-0.715898","Controlled drugs","White","A no further action disposal","","False","","False","White - English/Welsh/Scottish/Northern Irish/British","Person and Vehicle search"
"over 34","2026-06-11T23:01:00+00:00","Male","51.649269","Misuse of Drugs Act 1971 (section 23)","-1.312168","Controlled drugs","White","Community resolution","True","False","","False","White - English/Welsh/Scottish/Northern Irish/British","Person search"
"10-17","2026-06-11T23:25:00+00:00","Male","","Police and Criminal Evidence Act 1984 (section 1)","","Article for use in theft","White","A no further action disposal","","False","","False","White - English/Welsh/Scottish/Northern Irish/British","Person and Vehicle search"
"18-24","2026-06-11T23:30:00+00:00","Male","51.651985","Misuse of Drugs Act 1971 (section 23)","-0.714060","Controlled drugs","Asian","Arrest","True","False","","False","Asian/Asian British - Pakistani","Person and Vehicle search"
"10-17","2026-06-11T23:30:00+00:00","Male","","Police and Criminal Evidence Act 1984 (section 1)","","Stolen goods","White","A no further action disposal","","False","","False","White - English/Welsh/Scottish/Northern Irish/British","Person and Vehicle search"
"10-17","2026-06-11T23:48:00+00:00","Male","51.354488","Police and Criminal Evidence Act 1984 (section 1)","-1.135702","Article for use in theft","White","A no further action disposal","","False","","False","White - English/Welsh/Scottish/Northern Irish/British","Person search"
"25-34","2026-06-11T23:48:00+00:00","Male","51.419723","Misuse of Drugs Act 1971 (section 23)","-0.959581","Controlled drugs","White","A no further action disposal","","False","","False","White - Any other White background","Person and Vehicle search"
"18-24","2026-06-11T23:57:00+00:00","Male","51.651985","Misuse of Drugs Act 1971 (section 23)","-0.714060","Controlled drugs","Asian","A no further action disposal","","False","","False","Asian/Asian British - Pakistani","Person and Vehicle search"
"25-34","2026-06-12T08:01:00+00:00","Male","","Misuse of Drugs Act 1971 (section 23)","","Controlled drugs","White","Community resolution","True","False","","False","White - English/Welsh/Scottish/Northern Irish/British","Person search"
"25-34","2026-06-12T09:45:00+00:00","Male","51.720884","Misuse of Drugs Act 1971 (section 23)","-1.217231","Controlled drugs","White","Arrest","True","False","","False","White - English/Welsh/Scottish/Northern Irish/British","Person search"
"18-24","2026-06-12T09:45:00+00:00","Male","51.413337","Misuse of Drugs Act 1971 (section 23)","-0.747038","Controlled drugs","Black","A no further action disposal","","False","","False","Other ethnic group - Not stated","Person search"
"10-17","2026-06-12T10:30:00+00:00","Male","52.058879","Police and Criminal Evidence Act 1984 (section 1)","-0.813833","Offensive weapons","White","A no further action disposal","","False","","False","White - English/Welsh/Scottish/Northern Irish/British","Person search"
"10-17","2026-06-12T11:06:00+00:00","Male","51.457461","Police and Criminal Evidence Act 1984 (section 1)","-0.966524","Offensive weapons","White","A no further action disposal","","False","","False","White - English/Welsh/Scottish/Northern Irish/British","Person search"
"10-17","2026-06-12T11:10:00+00:00","Male","51.512601","Police and Criminal Evidence Act 1984 (section 1)","-0.627372","Offensive weapons","Asian","A no further action disposal","","False","","False","Asian/Asian British - Indian","Person search"
"18-24","2026-06-12T12:15:00+00:00","Male","51.511116","Misuse of Drugs Act 1971 (section 23)","-0.567137","Controlled drugs","Asian","Khat or Cannabis warning","True","False","","False","Other ethnic group - Not stated","Person search"
"18-24","2026-06-12T12:35:00+00:00","Male","51.511116","Misuse of Drugs Act 1971 (section 23)","-0.567137","Controlled drugs","Asian","Khat or Cannabis warning","True","False","","False","Other ethnic group - Not stated","Person search"
"18-24","2026-06-12T14:00:00+00:00","Male","51.429536","Misuse of Drugs Act 1971 (section 23)","-0.949735","Controlled drugs","White","Community resolution","True","False","","False","Black/African/Caribbean/Black British - Caribbean","Person search"
"10-17","2026-06-12T14:00:00+00:00","Male","51.429536","Misuse of Drugs Act 1971 (section 23)","-0.949735","Controlled drugs","White","Community resolution","True","False","","False","Other ethnic group - Not stated","Person search"
"over 34","2026-06-12T14:08:00+00:00","Male","51.509527","Misuse of Drugs Act 1971 (section 23)","-0.615244","Controlled drugs","Asian","A no further action disposal","","False","","False","Asian/Asian British - Pakistani","Person and Vehicle search"
"18-24","2026-06-12T14:20:00+00:00","Male","51.429536","Misuse of Drugs Act 1971 (section 23)","-0.949735","Controlled drugs","Black","A no further action disposal","","False","","False","Black/African/Caribbean/Black British - Any other Black/African/Caribbean background","Person search"
"10-17","2026-06-12T14:20:00+00:00","Male","51.429536","Misuse of Drugs Act 1971 (section 23)","-0.949735","Controlled drugs","Black","A no further action disposal","","False","","False","Black/African/Caribbean/Black British - Any other Black/African/Caribbean background","Person search"
"18-24","2026-06-12T14:30:00+00:00","Male","51.631203","Police and Criminal Evidence Act 1984 (section 1)","-0.756915","Offensive weapons","White","A no further action disposal","","False","","False","White - English/Welsh/Scottish/Northern Irish/British","Person search"
"","2026-06-12T14:34:00+00:00","Other","51.631203","Police and Criminal Evidence Act 1984 (section 1)","-0.756915","Stolen goods","Black","A no further action disposal","","False","","False","Other ethnic group - Not stated","Person search"
"18-24","2026-06-12T14:41:00+00:00","Female","51.613830","Police and Criminal Evidence Act 1984 (section 1)","-1.427044","Offensive weapons","White","A no further action disposal","","False","","False","White - English/Welsh/Scottish/Northern Irish/British","Person search"
"over 34","2026-06-12T14:50:00+00:00","Male","52.035382","Misuse of Drugs Act 1971 (section 23)","-0.772250","Controlled drugs","White","Arrest","True","False","","False","White - English/Welsh/Scottish/Northern Irish/British","Person search"
"10-17","2026-06-12T15:48:00+00:00","Male","51.741194","Misuse of Drugs Act 1971 (section 23)","-1.222485","Controlled drugs","Black","A no further action disposal","","False","","True","Mixed/Multiple ethnic groups - White and Black African","Person search"
"over 34","2026-06-12T16:02:00+00:00","Male","51.629846","Misuse of Drugs Act 1971 (section 23)","-0.751442","Controlled drugs","White","A no further action disposal","","False","","False","White - English/Welsh/Scottish/Northern Irish/British","Person search"
"25-34","2026-06-12T16:08:00+00:00","Male","51.629473","Misuse of Drugs Act 1971 (section 23)","-0.751033","Controlled drugs","White","A no further action disposal","","False","","False","White - English/Welsh/Scottish/Northern Irish/British","Person search"
"","2026-06-12T16:15:00+00:00","Other","51.345408","Misuse of Drugs Act 1971 (section 23)","-0.791291","Controlled drugs","Black","A no further action disposal","","False","","False","Other ethnic group - Not stated","Person search"
"18-24","2026-06-12T16:15:00+00:00","Male","51.346314","Misuse of Drugs Act 1971 (section 23)","-0.788453","Controlled drugs","White","A no further action disposal","","False","","False","White - English/Welsh/Scottish/Northern Irish/British","Person and Vehicle search"
"25-34","2026-06-12T16:15:00+00:00","Female","51.513190","Police and Criminal Evidence Act 1984 (section 1)","-0.622411","Stolen goods","White","Community resolution","True","False","","False","White - Any other White background","Person search"
"18-24","2026-06-12T16:28:00+00:00","Male","51.769428","Misuse of Drugs Act 1971 (section 23)","-1.201117","Controlled drugs","White","A no further action disposal","","False","","False","White - English/Welsh/Scottish/Northern Irish/British","Person search"
"25-34","2026-06-12T16:50:00+00:00","Male","52.040662","Police and Criminal Evidence Act 1984 (section 1)","-0.759566","Offensive weapons","Black","A no further action disposal","","False","","False","Other ethnic group - Not stated","Person search"
"18-24","2026-06-12T17:13:00+00:00","Male","51.509157","Police and Criminal Evidence Act 1984 (section 1)","-0.590240","Offensive weapons","White","A no further action disposal","","False","","False","White - English/Welsh/Scottish/Northern Irish/British","Person search"
"18-24","2026-06-12T18:05:00+00:00","Male","51.455678","Police and Criminal Evidence Act 1984 (section 1)","-0.980626","Offensive weapons","White","A no further action disposal","","False","","False","White - English/Welsh/Scottish/Northern Irish/British","Person search"
"over 34","2026-06-12T18:50:00+00:00","Male","51.536439","Misuse of Drugs Act 1971 (section 23)","-0.656919","Controlled drugs","White","Community resolution","True","False","","False","White - English/Welsh/Scottish/Northern Irish/British","Person and Vehicle search"
"over 34","2026-06-12T19:00:00+00:00","Male","52.034496","Misuse of Drugs Act 1971 (section 23)","-0.758892","Controlled drugs","White","A no further action disposal","","False","","False","White - English/Welsh/Scottish/Northern Irish/British","Person and Vehicle search"
"10-17","2026-06-12T19:00:00+00:00","Male","51.669193","Misuse of Drugs Act 1971 (section 23)","-0.576616","Controlled drugs","Black","A no further action disposal","","False","","False","Black/African/Caribbean/Black British - Caribbean","Person search"
"18-24","2026-06-12T19:40:00+00:00","Male","51.614780","Misuse of Drugs Act 1971 (section 23)","-1.637729","Controlled drugs","White","A no further action disposal","","False","","False","White - English/Welsh/Scottish/Northern Irish/British","Person search"
"18-24","2026-06-12T19:40:00+00:00","Male","51.614780","Misuse of Drugs Act 1971 (section 23)","-1.637729","Controlled drugs","White","A no further action disposal","","False","","False","White - English/Welsh/Scottish/Northern Irish/British","Person and Vehicle search"
"10-17","2026-06-12T19:40:00+00:00","Male","51.614134","Misuse of Drugs Act 1971 (section 23)","-1.636526","Controlled drugs","White","A no further action disposal","","False","","False","White - English/Welsh/Scottish/Northern Irish/British","Person search"
"18-24","2026-06-12T19:45:00+00:00","Male","51.737949","Misuse of Drugs Act 1971 (section 23)","-1.194533","Controlled drugs","White","Community resolution","True","False","","False","Other ethnic group - Any other ethnic group","Person and Vehicle search"
"18-24","2026-06-12T19:57:00+00:00","Male","51.736381","Misuse of Drugs Act 1971 (section 23)","-1.181049","Controlled drugs","Black","Community resolution","True","False","","False","Other ethnic group - Any other ethnic group","Person and Vehicle search"
"over 34","2026-06-12T20:10:00+00:00","Male","51.810572","Misuse of Drugs Act 1971 (section 23)","-0.806276","Controlled drugs","Asian","A no further action disposal","","False","","False","Other ethnic group - Not stated","Person search"
"over 34","2026-06-12T20:14:00+00:00","Female","51.810572","Misuse of Drugs Act 1971 (section 23)","-0.806276","Controlled drugs","Asian","A no further action disposal","","False","","False","Other ethnic group - Not stated","Person and Vehicle search"
"over 34","2026-06-12T20:35:00+00:00","Male","51.606260","Police and Criminal Evidence Act 1984 (section 1)","-0.642773","Article for use in theft","Black","A no further action disposal","","False","","False","Mixed/Multiple ethnic groups - Any other Mixed/Multiple ethnic background","Person search"
"18-24","2026-06-12T21:00:00+00:00","Male","51.811332","Misuse of Drugs Act 1971 (section 23)","-0.804965","Controlled drugs","White","Community resolution","True","False","","False","White - English/Welsh/Scottish/Northern Irish/British","Person search"
"18-24","2026-06-12T21:20:00+00:00","Male","51.402075","Misuse of Drugs Act 1971 (section 23)","-0.777320","Controlled drugs","White","Arrest","True","False","","False","White - English/Welsh/Scottish/Northern Irish/British","Person and Vehicle search"
"10-17","2026-06-12T21:38:00+00:00","Male","51.630369","Police and Criminal Evidence Act 1984 (section 1)","-0.752381","Stolen goods","Asian","A no further action disposal","","False","","False","Other ethnic group - Not stated","Person search"
"","2026-06-12T21:38:00+00:00","Male","","Police and Criminal Evidence Act 1984 (section 1)","","Stolen goods","Other","A no further action disposal","","False","","False","Other ethnic group - Not stated","Person search"
"18-24","2026-06-12T22:00:00+00:00","Male","51.402075","Misuse of Drugs Act 1971 (section 23)","-0.777320","Controlled drugs","White","A no further action disposal","","False","","False","White - English/Welsh/Scottish/Northern Irish/British","Person search"
"25-34","2026-06-12T22:15:00+00:00","Male","51.454162","Police and Criminal Evidence Act 1984 (section 1)","-0.971751","Offensive weapons","White","A no further action disposal","","False","","False","Other ethnic group - Not stated","Person search"
"25-34","2026-06-12T22:27:00+00:00","Male","51.565113","Misuse of Drugs Act 1971 (section 23)","-0.769201","Controlled drugs","White","Arrest","True","False","","True","White - Any other White background","Person and Vehicle search"
"10-17","2026-06-12T22:50:00+00:00","Male","52.053396","Police and Criminal Evidence Act 1984 (section 1)","-0.802456","Offensive weapons","White","A no further action disposal","","False","","False","Other ethnic group - Not stated","Person and Vehicle search"
"18-24","2026-06-12T23:05:00+00:00","Female","51.745698","Police and Criminal Evidence Act 1984 (section 1)","-1.233257","Offensive weapons","White","A no further action disposal","","False","","False","White - Gypsy or Irish Traveller","Person search"
"18-24","2026-06-12T23:10:00+00:00","Male","51.745935","Police and Criminal Evidence Act 1984 (section 1)","-1.233774","Offensive weapons","White","A no further action disposal","","False","","False","White - Gypsy or Irish Traveller","Person search"
"","2026-06-12T23:10:00+00:00","Male","51.745935","Police and Criminal Evidence Act 1984 (section 1)","-1.233774","Offensive weapons","White","A no further action disposal","","False","","False","White - Gypsy or Irish Traveller","Person search"
"10-17","2026-06-12T23:23:00+00:00","Male","51.404645","Misuse of Drugs Act 1971 (section 23)","-1.300101","Controlled drugs","White","A no further action disposal","","False","","False","White - English/Welsh/Scottish/Northern Irish/British","Person search"
"10-17","2026-06-12T23:23:00+00:00","Male","51.404645","Misuse of Drugs Act 1971 (section 23)","-1.300101","Controlled drugs","White","A no further action disposal","","False","","False","White - English/Welsh/Scottish/Northern Irish/British","Person search"
"10-17","2026-06-12T23:30:00+00:00","Other","51.400771","Misuse of Drugs Act 1971 (section 23)","-1.323318","Controlled drugs","White","A no further action disposal","","False","","False","White - English/Welsh/Scottish/Northern Irish/British","Person search"
"25-34","2026-06-12T23:33:00+00:00","Male","51.457114","Misuse of Drugs Act 1971 (section 23)","-0.975197","Controlled drugs","Black","Community resolution","True","False","","False","Black/African/Caribbean/Black British - African","Person and Vehicle search"
"10-17","2026-06-12T23:45:00+00:00","Male","51.404645","Misuse of Drugs Act 1971 (section 23)","-1.300101","Controlled drugs","White","A no further action disposal","","False","","False","White - English/Welsh/Scottish/Northern Irish/British","Person search"
"25-34","2026-06-12T23:53:00+00:00","Male","51.520926","Police and Criminal Evidence Act 1984 (section 1)","-0.636338","Offensive weapons","White","A no further action disposal","","False","","False","White - English/Welsh/Scottish/Northern Irish/British","Person and Vehicle search"
"18-24","2026-06-13T00:00:00+00:00","Female","52.090394","Police and Criminal Evidence Act 1984 (section 1)","-0.741971","Stolen goods","White","A no further action disposal","","False","","False","White - English/Welsh/Scottish/Northern Irish/British","Person and Vehicle search"
"18-24","2026-06-13T00:00:00+00:00","Male","51.483577","Misuse of Drugs Act 1971 (section 23)","-0.610803","Controlled drugs","Asian","A no further action disposal","","False","","False","Other ethnic group - Not stated","Person search"
"18-24","2026-06-13T00:10:00+00:00","Male","51.456567","Misuse of Drugs Act 1971 (section 23)","-0.966127","Controlled drugs","White","Community resolution","True","False","","False","White - English/Welsh/Scottish/Northern Irish/British","Person search"
"10-17","2026-06-13T00:10:00+00:00","Male","51.816095","Misuse of Drugs Act 1971 (section 23)","-0.809163","Controlled drugs","White","A no further action disposal","","False","","False","White - Any other White background","Person search"
"over 34","2026-06-13T00:10:00+00:00","Male","51.506818","Police and Criminal Evidence Act 1984 (section 1)","-0.602949","Article for use in theft","White","A no further action disposal","","False","","False","Other ethnic group - Not stated","Person search"
"18-24","2026-06-13T00:13:00+00:00","Male","51.896836","Police and Criminal Evidence Act 1984 (section 1)","-1.149875","Offensive weapons","Asian","A no further action disposal","","False","","False","Mixed/Multiple ethnic groups - Any other Mixed/Multiple ethnic background","Person search"
"over 34","2026-06-13T00:18:00+00:00","Male","51.506818","Police and Criminal Evidence Act 1984 (section 1)","-0.602949","Article for use in theft","White","A no further action disposal","","False","","False","White - Any other White background","Person search"
"18-24","2026-06-13T00:20:00+00:00","Female","51.724334","Misuse of Drugs Act 1971 (section 23)","0.467467","Controlled drugs","White","A no further action disposal","","False","","False","Other ethnic group - Not stated","Person search"
"18-24","2026-06-13T00:28:00+00:00","Male","51.456567","Misuse of Drugs Act 1971 (section 23)","-0.966127","Controlled drugs","White","Community resolution","True","False","","False","White - English/Welsh/Scottish/Northern Irish/British","Person search"
"18-24","2026-06-13T00:29:00+00:00","Male","51.456567","Misuse of Drugs Act 1971 (section 23)","-0.966127","Controlled drugs","White","A no further action disposal","","False","","False","White - English/Welsh/Scottish/Northern Irish/British","Person search"
"over 34","2026-06-13T00:30:00+00:00","Male","51.631364","Police and Criminal Evidence Act 1984 (section 1)","-0.752065","Stolen goods","White","A no further action disposal","","False","","False","White - English/Welsh/Scottish/Northern Irish/British","Person search"
"over 34","2026-06-13T00:35:00+00:00","Male","51.483577","Misuse of Drugs Act 1971 (section 23)","-0.610803","Controlled drugs","Other","A no further action disposal","","False","","False","Other ethnic group - Arab","Person search"
"18-24","2026-06-13T01:40:00+00:00","Male","","Police and Criminal Evidence Act 1984 (section 1)","","Article for use in theft","White","A no further action disposal","","False","","False","White - English/Welsh/Scottish/Northern Irish/British","Person search"
"18-24","2026-06-13T01:40:00+00:00","Male","51.586966","Police and Criminal Evidence Act 1984 (section 1)","-1.427699","Article for use in theft","White","A no further action disposal","","False","","False","White - English/Welsh/Scottish/Northern Irish/British","Person search"
"18-24","2026-06-13T01:40:00+00:00","Male","51.811332","Misuse of Drugs Act 1971 (section 23)","-0.804965","Controlled drugs","Black","Community resolution","True","False","","False","Other ethnic group - Not stated","Person search"
"over 34","2026-06-13T02:10:00+00:00","Male","51.392899","Police and Criminal Evidence Act 1984 (section 1)","-1.022122","Stolen goods","White","A no further action disposal","","False","","False","Other ethnic group - Not stated","Person search"
"over 34","2026-06-13T03:25:00+00:00","Female","51.732250","Police and Criminal Evidence Act 1984 (section 1)","-1.217397","Stolen goods","Asian","A no further action disposal","","False","","False","Asian/Asian British - Indian","Person search"
"18-24","2026-06-13T09:00:00+00:00","Female","51.825410","Misuse of Drugs Act 1971 (section 23)","-0.806508","Controlled drugs","White","A no further action disposal","","False","","False","Other ethnic group - Not stated","Person search"
"18-24","2026-06-13T09:25:00+00:00","Male","51.825109","Misuse of Drugs Act 1971 (section 23)","-0.806124","Controlled drugs","Asian","Arrest","True","False","","False","Asian/Asian British - Pakistani","Person search"
"10-17","2026-06-13T09:57:00+00:00","Male","51.815011","Police and Criminal Evidence Act 1984 (section 1)","-0.813387","Stolen goods","White","A no further action disposal","","False","","False","Mixed/Multiple ethnic groups - White and Black African","Person search"
"over 34","2026-06-13T10:00:00+00:00","Male","51.458579","Police and Criminal Evidence Act 1984 (section 1)","-0.984189","Stolen goods","White","A no further action disposal","","False","","False","Other ethnic group - Not stated","Person search"
"10-17","2026-06-13T10:00:00+00:00","Male","51.815011","Police and Criminal Evidence Act 1984 (section 1)","-0.813387","Stolen goods","White","A no further action disposal","","False","","False","White - English/Welsh/Scottish/Northern Irish/British","Person search"
"25-34","2026-06-13T10:05:00+00:00","Male","51.458579","Police and Criminal Evidence Act 1984 (section 1)","-0.984189","Stolen goods","White","A no further action disposal","","False","","False","White - English/Welsh/Scottish/Northern Irish/British","Person search"
"over 34","2026-06-13T10:20:00+00:00","Male","51.456265","Misuse of Drugs Act 1971 (section 23)","-0.952331","Controlled drugs","Asian","Community resolution","True","False","","False","Asian/Asian British - Pakistani","Person search"
"25-34","2026-06-13T10:45:00+00:00","Male","51.776062","Misuse of Drugs Act 1971 (section 23)","-1.264412","Controlled drugs","White","A no further action disposal","","False","","False","Other ethnic group - Not stated","Person search"
"25-34","2026-06-13T11:18:00+00:00","Male","","Misuse of Drugs Act 1971 (section 23)","","Controlled drugs","White","Arrest","True","False","","False","White - Any other White background","Person search"
"18-24","2026-06-13T12:25:00+00:00","Male","51.506842","Misuse of Drugs Act 1971 (section 23)","-0.587674","Controlled drugs","White","A no further action disposal","","False","","False","Other ethnic group - Not stated","Person and Vehicle search"
"10-17","2026-06-13T13:55:00+00:00","Male","51.483501","Police and Criminal Evidence Act 1984 (section 1)","-0.611208","Stolen goods","White","A no further action disposal","","False","","False","Other ethnic group - Not stated","Person search"
"18-24","2026-06-13T14:45:00+00:00","Male","51.512073","Misuse of Drugs Act 1971 (section 23)","-0.613885","Controlled drugs","Black","Community resolution","True","False","","False","Black/African/Caribbean/Black British - African","Person search"
"over 34","2026-06-13T15:58:00+00:00","Male","51.989361","Misuse of Drugs Act 1971 (section 23)","-0.702279","Controlled drugs","Black","Arrest","True","False","","False","Black/African/Caribbean/Black British - African","Person and Vehicle search"
"25-34","2026-06-13T16:16:00+00:00","Male","52.036838","Misuse of Drugs Act 1971 (section 23)","-0.744948","Controlled drugs","White","Community resolution","True","False","","False","White - English/Welsh/Scottish/Northern Irish/British","Person search"
"over 34","2026-06-13T17:13:00+00:00","Male","51.510907","Police and Criminal Evidence Act 1984 (section 1)","-0.590733","Offensive weapons","White","A no further action disposal","","False","","False","Other ethnic group - Not stated","Person search"
"18-24","2026-06-13T18:10:00+00:00","Male","51.753416","Police and Criminal Evidence Act 1984 (section 1)","-1.194443","Offensive weapons","White","A no further action disposal","","False","","False","White - Any other White background","Person search"
"over 34","2026-06-13T18:30:00+00:00","Male","51.739941","Police and Criminal Evidence Act 1984 (section 1)","-1.204432","Offensive weapons","Black","Arrest","True","False","","False","Other ethnic group - Not stated","Person search"
"over 34","2026-06-13T18:40:00+00:00","Male","51.447038","Misuse of Drugs Act 1971 (section 23)","-1.296604","Controlled drugs","White","Arrest","True","False","","False","White - English/Welsh/Scottish/Northern Irish/British","Person and Vehicle search"
"25-34","2026-06-13T20:00:00+00:00","Female","51.669326","Police and Criminal Evidence Act 1984 (section 1)","-1.086272","Offensive weapons","White","A no further action disposal","","False","","False","White - English/Welsh/Scottish/Northern Irish/British","Person and Vehicle search"
"10-17","2026-06-13T20:28:00+00:00","Male","52.038651","Misuse of Drugs Act 1971 (section 23)","-0.714290","Controlled drugs","Asian","Community resolution","True","False","","False","Asian/Asian British - Any other Asian background","Person search"
"over 34","2026-06-13T23:00:00+00:00","Male","51.765307","Misuse of Drugs Act 1971 (section 23)","-1.195510","Controlled drugs","Other","A no further action disposal","","False","","False","Other ethnic group - Any other ethnic group","Person and Vehicle search"
"over 34","2026-06-13T23:30:00+00:00","Male","52.024010","Police and Criminal Evidence Act 1984 (section 1)","-0.769894","Stolen goods","Black","Arrest","True","False","","False","Black/African/Caribbean/Black British - Any other Black/African/Caribbean background","Person search"
"","2026-06-13T23:41:00+00:00","Male","51.442293","Misuse of Drugs Act 1971 (section 23)","-1.011586","Controlled drugs","White","A no further action disposal","","False","","False","White - English/Welsh/Scottish/Northern Irish/British","Person search"
"18-24","2026-06-14T00:01:00+00:00","Male","51.789051","Misuse of Drugs Act 1971 (section 23)","-0.790819","Controlled drugs","White","A no further action disposal","","False","","False","Other ethnic group - Not stated","Person and Vehicle search"
"","2026-06-14T00:15:00+00:00","Male","51.461692","Misuse of Drugs Act 1971 (section 23)","-1.015169","Controlled drugs","White","Community resolution","True","False","","False","White - English/Welsh/Scottish/Northern Irish/British","Person search"
"","2026-06-14T00:15:00+00:00","Male","51.461692","Misuse of Drugs Act 1971 (section 23)","-1.015169","Controlled drugs","White","A no further action disposal","","False","","False","White - English/Welsh/Scottish/Northern Irish/British","Person search"
"18-24","2026-06-14T00:46:00+00:00","Male","51.819411","Misuse of Drugs Act 1971 (section 23)","-0.809017","Controlled drugs","Asian","A no further action disposal","","False","","False","Asian/Asian British - Pakistani","Person search"
"over 34","2026-06-14T00:55:00+00:00","Male","51.817328","Firearms Act 1968 (section 47)","-0.813700","Firearms","White","A no further action disposal","","False","","False","Other ethnic group - Not stated","Person search"
"over 34","2026-06-14T01:15:00+00:00","Male","51.506321","Police and Criminal Evidence Act 1984 (section 1)","-0.588440","Offensive weapons","Other","Community resolution","True","False","","False","Other ethnic group - Arab","Person search"
"25-34","2026-06-14T01:20:00+00:00","Male","52.063794","Police and Criminal Evidence Act 1984 (section 1)","-0.775731","Article for use in theft","White","A no further action disposal","","False","","False","White - English/Welsh/Scottish/Northern Irish/British","Person search"
"over 34","2026-06-14T01:39:00+00:00","Male","51.343104","Misuse of Drugs Act 1971 (section 23)","-0.777224","Controlled drugs","White","A no further action disposal","","False","","False","White - English/Welsh/Scottish/Northern Irish/British","Person search"
"over 34","2026-06-14T01:44:00+00:00","Female","51.347608","Misuse of Drugs Act 1971 (section 23)","-0.806755","Controlled drugs","White","A no further action disposal","","False","","False","White - English/Welsh/Scottish/Northern Irish/British","Person search"
"over 34","2026-06-14T01:44:00+00:00","Male","51.343104","Misuse of Drugs Act 1971 (section 23)","-0.777224","Controlled drugs","White","Community resolution","True","False","","False","White - English/Welsh/Scottish/Northern Irish/British","Person search"
"25-34","2026-06-14T02:00:00+00:00","Female","51.347608","Misuse of Drugs Act 1971 (section 23)","-0.806755","Controlled drugs","White","A no further action disposal","","False","","False","White - English/Welsh/Scottish/Northern Irish/British","Person search"
"","2026-06-14T02:00:00+00:00","Male","51.482633","Misuse of Drugs Act 1971 (section 23)","-0.610025","Controlled drugs","Asian","A no further action disposal","","False","","False","Other ethnic group - Not stated","Person search"
"18-24","2026-06-14T02:20:00+00:00","Male","","Police and Criminal Evidence Act 1984 (section 1)","","Offensive weapons","Black","Arrest","True","False","","False","Black/African/Caribbean/Black British - African","Person search"
"18-24","2026-06-14T02:30:00+00:00","Male","","Police and Criminal Evidence Act 1984 (section 1)","","Offensive weapons","White","A no further action disposal","","False","","False","White - Any other White background","Person search"
"18-24","2026-06-14T02:50:00+00:00","Female","51.455622","Police and Criminal Evidence Act 1984 (section 1)","-0.978397","Offensive weapons","White","A no further action disposal","","False","","False","Mixed/Multiple ethnic groups - White and Asian","Person search"
"18-24","2026-06-14T02:58:00+00:00","Male","51.455013","Police and Criminal Evidence Act 1984 (section 1)","-0.976306","Offensive weapons","White","A no further action disposal","","False","","False","White - English/Welsh/Scottish/Northern Irish/British","Person search"
"10-17","2026-06-14T03:00:00+00:00","Male","51.609774","Police and Criminal Evidence Act 1984 (section 1)","-0.549403","Article for use in theft","Black","A no further action disposal","","False","","False","Black/African/Caribbean/Black British - Caribbean","Person search"
"25-34","2026-06-14T09:42:00+00:00","Male","52.068873","Misuse of Drugs Act 1971 (section 23)","-0.751607","Controlled drugs","White","A no further action disposal","","False","","False","Mixed/Multiple ethnic groups - White and Black Caribbean","Person search"
"over 34","2026-06-14T10:11:00+00:00","Male","51.503459","Police and Criminal Evidence Act 1984 (section 1)","-0.570475","Stolen goods","White","Community resolution","True","False","","False","White - Any other White background","Person search"
"over 34","2026-06-14T11:00:00+00:00","Male","51.403964","Misuse of Drugs Act 1971 (section 23)","-0.732486","Controlled drugs","White","A no further action disposal","","False","","False","Other ethnic group - Not stated","Person search"
"10-17","2026-06-14T12:06:00+00:00","Male","51.821753","Police and Criminal Evidence Act 1984 (section 1)","-0.823697","Stolen goods","White","Community resolution","True","False","","False","White - English/Welsh/Scottish/Northern Irish/British","Person search"
"25-34","2026-06-14T12:30:00+00:00","Male","","Misuse of Drugs Act 1971 (section 23)","","Controlled drugs","Asian","A no further action disposal","","False","","True","Other ethnic group - Not stated","Person and Vehicle search"
"over 34","2026-06-14T13:13:00+00:00","Male","51.816135","Police and Criminal Evidence Act 1984 (section 1)","-0.813151","Stolen goods","White","A no further action disposal","","False","","False","White - English/Welsh/Scottish/Northern Irish/British","Person search"
"25-34","2026-06-14T14:00:00+00:00","Male","51.510127","Misuse of Drugs Act 1971 (section 23)","-0.586463","Controlled drugs","Asian","A no further action disposal","","False","","False","Asian/Asian British - Pakistani","Person and Vehicle search"
"25-34","2026-06-14T14:30:00+00:00","Male","51.529329","Police and Criminal Evidence Act 1984 (section 1)","-0.607796","Offensive weapons","Asian","A no further action disposal","","False","","False","Asian/Asian British - Pakistani","Person search"
"18-24","2026-06-14T14:50:00+00:00","Female","51.456670","Police and Criminal Evidence Act 1984 (section 1)","-0.972717","Stolen goods","White","A no further action disposal","","False","","False","White - English/Welsh/Scottish/Northern Irish/British","Person search"
"18-24","2026-06-14T15:00:00+00:00","Male","51.759445","Misuse of Drugs Act 1971 (section 23)","-1.265580","Controlled drugs","Asian","A no further action disposal","","False","","False","Asian/Asian British - Bangladeshi","Person search"
"18-24","2026-06-14T15:00:00+00:00","Male","51.455316","Police and Criminal Evidence Act 1984 (section 1)","-0.972085","Stolen goods","Asian","Community resolution","True","False","","False","Asian/Asian British - Any other Asian background","Person search"
"25-34","2026-06-14T15:15:00+00:00","Male","51.757278","Misuse of Drugs Act 1971 (section 23)","-1.262732","Controlled drugs","Asian","Community resolution","True","False","","False","Asian/Asian British - Pakistani","Person search"
"18-24","2026-06-14T16:00:00+00:00","Male","51.456567","Misuse of Drugs Act 1971 (section 23)","-0.966127","Controlled drugs","White","Community resolution","True","False","","True","White - English/Welsh/Scottish/Northern Irish/British","Person search"
"over 34","2026-06-14T16:16:00+00:00","Male","51.512383","Police and Criminal Evidence Act 1984 (section 1)","-0.531458","Offensive weapons","Asian","A no further action disposal","","False","","False","Other ethnic group - Not stated","Person search"
"18-24","2026-06-14T17:40:00+00:00","Male","51.892379","Police and Criminal Evidence Act 1984 (section 1)","-1.155679","Stolen goods","White","Arrest","True","False","","False","White - Irish","Person and Vehicle search"
"over 34","2026-06-14T18:10:00+00:00","Male","51.454280","Police and Criminal Evidence Act 1984 (section 1)","-0.942633","Offensive weapons","Asian","A no further action disposal","","False","","False","Asian/Asian British - Pakistani","Person search"
"over 34","2026-06-14T18:31:00+00:00","Female","51.892403","Police and Criminal Evidence Act 1984 (section 1)","-1.151450","Stolen goods","White","A no further action disposal","","False","","False","White - Irish","Person search"
"over 34","2026-06-14T18:38:00+00:00","Female","51.892403","Police and Criminal Evidence Act 1984 (section 1)","-1.151450","Stolen goods","White","A no further action disposal","","False","","False","White - Irish","Person search"
"10-17","2026-06-14T19:40:00+00:00","Male","51.745899","Misuse of Drugs Act 1971 (section 23)","-1.194797","Controlled drugs","Black","A no further action disposal","","False","","False","Other ethnic group - Not stated","Person search"
"over 34","2026-06-14T19:44:00+00:00","Male","52.057632","Police and Criminal Evidence Act 1984 (section 1)","-0.846741","Offensive weapons","White","A no further action disposal","","False","","False","White - English/Welsh/Scottish/Northern Irish/British","Person search"
"over 34","2026-06-14T20:04:00+00:00","Male","51.417431","Misuse of Drugs Act 1971 (section 23)","-1.513497","Controlled drugs","White","A no further action disposal","","False","","False","White - English/Welsh/Scottish/Northern Irish/British","Person search"
"over 34","2026-06-14T20:55:00+00:00","Male","51.634975","Police and Criminal Evidence Act 1984 (section 1)","-0.765361","Offensive weapons","Black","Arrest","True","False","","False","Black/African/Caribbean/Black British - Caribbean","Person search"
"25-34","2026-06-14T21:53:00+00:00","Male","51.665371","Firearms Act 1968 (section 47)","-1.171269","Firearms","Other","A no further action disposal","","False","","False","Asian/Asian British - Indian","Person search"
"25-34","2026-06-14T21:54:00+00:00","Male","51.661725","Firearms Act 1968 (section 47)","-1.169398","Firearms","Other","A no further action disposal","","False","","False","Asian/Asian British - Indian","Person search"
"25-34","2026-06-14T22:00:00+00:00","Male","51.664569","Firearms Act 1968 (section 47)","-1.172295","Firearms","Asian","A no further action disposal","","False","","False","Asian/Asian British - Indian","Person search"
"over 34","2026-06-15T00:10:00+00:00","Female","51.825050","Police and Criminal Evidence Act 1984 (section 1)","-0.810871","Offensive weapons","White","A no further action disposal","","False","","False","Other ethnic group - Not stated","Person search"
"25-34","2026-06-15T00:47:00+00:00","Female","52.009430","Misuse of Drugs Act 1971 (section 23)","-0.739551","Controlled drugs","White","A no further action disposal","","False","","False","White - English/Welsh/Scottish/Northern Irish/British","Person and Vehicle search"
"25-34","2026-06-15T00:47:00+00:00","Male","52.009430","Misuse of Drugs Act 1971 (section 23)","-0.739551","Controlled drugs","White","A no further action disposal","","False","","False","Other ethnic group - Not stated","Person and Vehicle search"
"10-17","2026-06-15T03:45:00+00:00","Female","51.826461","Police and Criminal Evidence Act 1984 (section 1)","-0.820643","Offensive weapons","Black","A no further action disposal","","False","","True","Other ethnic group - Not stated","Person search"
"25-34","2026-06-15T11:04:00+00:00","Male","51.482119","Police and Criminal Evidence Act 1984 (section 1)","-0.609191","Stolen goods","White","Community resolution","True","False","","False","White - English/Welsh/Scottish/Northern Irish/British","Person search"
"25-34","2026-06-15T12:20:00+00:00","Male","51.483577","Misuse of Drugs Act 1971 (section 23)","-0.610803","Controlled drugs","White","Community resolution","True","True","","False","White - English/Welsh/Scottish/Northern Irish/British","Person search"
"over 34","2026-06-15T13:13:00+00:00","Male","51.818526","Misuse of Drugs Act 1971 (section 23)","-0.816643","Controlled drugs","White","A no further action disposal","","False","","False","White - Irish","Person search"
"over 34","2026-06-15T13:31:00+00:00","Male","51.400329","Misuse of Drugs Act 1971 (section 23)","-1.141796","Controlled drugs","White","A no further action disposal","","False","","False","White - English/Welsh/Scottish/Northern Irish/British","Person and Vehicle search"
"over 34","2026-06-15T14:03:00+00:00","Male","51.634579","Misuse of Drugs Act 1971 (section 23)","-0.764504","Controlled drugs","White","Arrest","True","False","","False","White - English/Welsh/Scottish/Northern Irish/British","Person search"
"over 34","2026-06-15T14:04:00+00:00","Male","51.389937","Police and Criminal Evidence Act 1984 (section 1)","-1.322055","Stolen goods","White","Arrest","True","False","","False","White - English/Welsh/Scottish/Northern Irish/British","Person search"
"over 34","2026-06-15T14:30:00+00:00","Male","51.742085","Police and Criminal Evidence Act 1984 (section 1)","-1.230769","Stolen goods","White","A no further action disposal","","False","","False","White - English/Welsh/Scottish/Northern Irish/British","Person search"
"over 34","2026-06-15T14:30:00+00:00","Male","51.418322","Misuse of Drugs Act 1971 (section 23)","-1.082469","Controlled drugs","White","A no further action disposal","","False","","True","White - English/Welsh/Scottish/Northern Irish/British","Person search"
"18-24","2026-06-15T14:50:00+00:00","Male","51.405174","Misuse of Drugs Act 1971 (section 23)","-1.283631","Controlled drugs","White","A no further action disposal","","False","","False","White - English/Welsh/Scottish/Northern Irish/British","Person search"
"over 34","2026-06-15T15:06:00+00:00","Male","51.507636","Police and Criminal Evidence Act 1984 (section 1)","-0.595359","Offensive weapons","Asian","A no further action disposal","","False","","False","Asian/Asian British - Indian","Person search"
"","2026-06-15T16:10:00+00:00","Male","51.486808","Police and Criminal Evidence Act 1984 (section 1)","-0.610301","Offensive weapons","White","A no further action disposal","","False","","False","Other ethnic group - Any other ethnic group","Person search"
"10-17","2026-06-15T16:13:00+00:00","Male","51.486808","Police and Criminal Evidence Act 1984 (section 1)","-0.610301","Offensive weapons","Black","A no further action disposal","","False","","False","Black/African/Caribbean/Black British - Any other Black/African/Caribbean background","Person search"
"","2026-06-15T16:54:00+00:00","Male","51.817793","Police and Criminal Evidence Act 1984 (section 1)","-0.812600","Offensive weapons","White","A no further action disposal","","False","","False","White - English/Welsh/Scottish/Northern Irish/British","Person search"
"over 34","2026-06-15T17:00:00+00:00","Male","52.037464","Misuse of Drugs Act 1971 (section 23)","-0.750499","Controlled drugs","White","A no further action disposal","","False","","False","White - English/Welsh/Scottish/Northern Irish/British","Person search"
"over 34","2026-06-15T18:15:00+00:00","Female","52.035092","Misuse of Drugs Act 1971 (section 23)","-0.760318","Controlled drugs","White","A no further action disposal","","False","","False","White - English/Welsh/Scottish/Northern Irish/British","Person search"
"18-24","2026-06-15T18:48:00+00:00","Male","52.009344","Misuse of Drugs Act 1971 (section 23)","-0.982768","Controlled drugs","Asian","Community resolution","True","False","","False","Mixed/Multiple ethnic groups - White and Black African","Person search"
"18-24","2026-06-15T19:00:00+00:00","Male","52.009344","Misuse of Drugs Act 1971 (section 23)","-0.982768","Controlled drugs","White","Community resolution","True","False","","False","White - English/Welsh/Scottish/Northern Irish/British","Person and Vehicle search"
"18-24","2026-06-15T19:00:00+00:00","Male","51.371031","Police and Criminal Evidence Act 1984 (section 1)","-0.783936","Article for use in theft","White","A no further action disposal","","False","","False","White - English/Welsh/Scottish/Northern Irish/British","Person search"
"25-34","2026-06-15T19:00:00+00:00","Male","51.371031","Police and Criminal Evidence Act 1984 (section 1)","-0.783936","Article for use in theft","White","A no further action disposal","","False","","False","White - English/Welsh/Scottish/Northern Irish/British","Person search"
"25-34","2026-06-15T19:00:00+00:00","Male","51.368596","Police and Criminal Evidence Act 1984 (section 1)","-0.783211","Article for use in theft","White","A no further action disposal","","False","","False","White - English/Welsh/Scottish/Northern Irish/British","Person search"
"","2026-06-15T19:00:00+00:00","Male","51.368596","Police and Criminal Evidence Act 1984 (section 1)","-0.783211","Article for use in theft","White","A no further action disposal","","False","","False","White - English/Welsh/Scottish/Northern Irish/British","Person search"
"10-17","2026-06-15T19:45:00+00:00","Male","51.648580","Misuse of Drugs Act 1971 (section 23)","-1.598022","Controlled drugs","White","A no further action disposal","","False","","False","White - English/Welsh/Scottish/Northern Irish/British","Person search"
"10-17","2026-06-15T19:45:00+00:00","Male","51.649741","Misuse of Drugs Act 1971 (section 23)","-1.595757","Controlled drugs","White","A no further action disposal","","False","","False","White - English/Welsh/Scottish/Northern Irish/British","Person search"
"25-34","2026-06-15T21:00:00+00:00","Male","51.657351","Misuse of Drugs Act 1971 (section 23)","-1.578718","Controlled drugs","White","Community resolution","True","False","","False","White - English/Welsh/Scottish/Northern Irish/British","Person and Vehicle search"
"25-34","2026-06-15T21:00:00+00:00","Female","51.657351","Misuse of Drugs Act 1971 (section 23)","-1.578718","Controlled drugs","White","Community resolution","True","False","","False","Other ethnic group - Not stated","Person and Vehicle search"
"18-24","2026-06-15T21:30:00+00:00","Female","52.000666","Misuse of Drugs Act 1971 (section 23)","-0.807185","Controlled drugs","White","A no further action disposal","","False","","False","White - English/Welsh/Scottish/Northern Irish/British","Person search"
"18-24","2026-06-15T21:33:00+00:00","Female","52.000666","Misuse of Drugs Act 1971 (section 23)","-0.807185","Controlled drugs","White","Community resolution","True","False","","False","White - Any other White background","Person search"
"18-24","2026-06-15T21:56:00+00:00","Male","51.999446","Misuse of Drugs Act 1971 (section 23)","-0.806606","Controlled drugs","White","Community resolution","True","False","","False","White - English/Welsh/Scottish/Northern Irish/British","Person search"
"18-24","2026-06-15T21:57:00+00:00","Male","51.995160","Misuse of Drugs Act 1971 (section 23)","-0.804214","Controlled drugs","White","A no further action disposal","","False","","False","Other ethnic group - Not stated","Person search"
"25-34","2026-06-15T23:15:00+00:00","Female","51.401227","Misuse of Drugs Act 1971 (section 23)","-1.320776","Controlled drugs","White","A no further action disposal","","False","","False","Other ethnic group - Not stated","Person search"
"","2026-06-15T23:16:00+00:00","Male","51.368596","Police and Criminal Evidence Act 1984 (section 1)","-0.783211","Article for use in theft","White","A no further action disposal","","False","","False","White - English/Welsh/Scottish/Northern Irish/British","Person search"
"over 34","2026-06-16T00:45:00+00:00","Male","52.032001","Misuse of Drugs Act 1971 (section 23)","-0.688771","Controlled drugs","Black","A no further action disposal","","False","","False","Black/African/Caribbean/Black British - Caribbean","Person and Vehicle search"
"10-17","2026-06-16T00:55:00+00:00","Male","51.412982","Police and Criminal Evidence Act 1984 (section 1)","-0.958914","Article for use in theft","Black","A no further action disposal","","False","","False","Other ethnic group - Not stated","Person search"
"18-24","2026-06-16T01:00:00+00:00","Male","52.056031","Misuse of Drugs Act 1971 (section 23)","-0.854061","Controlled drugs","Black","Community resolution","True","False","","False","Mixed/Multiple ethnic groups - White and Black Caribbean","Person and Vehicle search"
"18-24","2026-06-16T01:00:00+00:00","Male","52.056031","Misuse of Drugs Act 1971 (section 23)","-0.854061","Controlled drugs","Black","Community resolution","True","False","","False","Black/African/Caribbean/Black British - African","Person and Vehicle search"
"10-17","2026-06-16T01:19:00+00:00","Female","52.056031","Misuse of Drugs Act 1971 (section 23)","-0.854061","Controlled drugs","White","A no further action disposal","","False","","False","Other ethnic group - Not stated","Person search"
"18-24","2026-06-16T01:28:00+00:00","Female","52.006331","Misuse of Drugs Act 1971 (section 23)","-0.704236","Controlled drugs","White","Community resolution","True","False","","False","White - English/Welsh/Scottish/Northern Irish/British","Person search"
"over 34","2026-06-16T01:50:00+00:00","Male","51.446973","Police and Criminal Evidence Act 1984 (section 1)","-0.955019","Article for use in theft","White","Arrest","True","False","","False","White - English/Welsh/Scottish/Northern Irish/British","Person search"
"over 34","2026-06-16T01:50:00+00:00","Male","51.446973","Police and Criminal Evidence Act 1984 (section 1)","-0.955019","Article for use in theft","White","Arrest","True","False","","False","White - English/Welsh/Scottish/Northern Irish/British","Person search"
"18-24","2026-06-16T02:40:00+00:00","Male","51.523055","Police and Criminal Evidence Act 1984 (section 1)","-0.601227","Article for use in theft","Black","A no further action disposal","","False","","False","Other ethnic group - Not stated","Person search"
"25-34","2026-06-16T08:25:00+00:00","Male","52.053705","Police and Criminal Evidence Act 1984 (section 1)","-1.335684","Offensive weapons","White","A no further action disposal","","False","","False","White - Any other White background","Person search"
"over 34","2026-06-16T08:32:00+00:00","Male","51.419242","Misuse of Drugs Act 1971 (section 23)","-0.881904","Controlled drugs","White","Arrest","True","False","","False","White - English/Welsh/Scottish/Northern Irish/British","Person and Vehicle search"
"18-24","2026-06-16T09:30:00+00:00","Male","51.399789","Misuse of Drugs Act 1971 (section 23)","-0.752353","Controlled drugs","White","Arrest","True","False","","False","White - English/Welsh/Scottish/Northern Irish/British","Person search"
"25-34","2026-06-16T09:40:00+00:00","Male","51.798715","Misuse of Drugs Act 1971 (section 23)","-0.822585","Controlled drugs","White","Arrest","True","False","","False","White - English/Welsh/Scottish/Northern Irish/British","Person and Vehicle search"
"over 34","2026-06-16T09:56:00+00:00","Male","52.044817","Misuse of Drugs Act 1971 (section 23)","-0.767384","Controlled drugs","Black","Arrest","True","False","","False","Black/African/Caribbean/Black British - African","Person search"
"10-17","2026-06-16T10:00:00+00:00","Male","51.458685","Misuse of Drugs Act 1971 (section 23)","-0.996738","Controlled drugs","Asian","Community resolution","True","False","","False","Asian/Asian British - Pakistani","Person search"
"over 34","2026-06-16T10:00:00+00:00","Female","","Misuse of Drugs Act 1971 (section 23)","","Controlled drugs","White","A no further action disposal","","False","","False","White - English/Welsh/Scottish/Northern Irish/British","Person search"
"18-24","2026-06-16T10:05:00+00:00","Male","51.733736","Misuse of Drugs Act 1971 (section 23)","-1.214967","Controlled drugs","Black","A no further action disposal","","False","","False","Black/African/Caribbean/Black British - African","Person search"
"over 34","2026-06-16T10:10:00+00:00","Male","52.063455","Misuse of Drugs Act 1971 (section 23)","-1.364101","Controlled drugs","White","A no further action disposal","","False","","False","White - English/Welsh/Scottish/Northern Irish/British","Person search"
"10-17","2026-06-16T11:51:00+00:00","Male","51.458813","Misuse of Drugs Act 1971 (section 23)","-0.970999","Controlled drugs","White","A no further action disposal","","False","","False","Mixed/Multiple ethnic groups - Any other Mixed/Multiple ethnic background","Person search"
"10-17","2026-06-16T12:00:00+00:00","Male","51.396789","Misuse of Drugs Act 1971 (section 23)","-0.773120","Controlled drugs","Black","A no further action disposal","","False","","False","Black/African/Caribbean/Black British - African","Person search"
"18-24","2026-06-16T12:37:00+00:00","Male","51.763758","Misuse of Drugs Act 1971 (section 23)","-1.600710","Controlled drugs","White","A no further action disposal","","False","","False","White - English/Welsh/Scottish/Northern Irish/British","Person search"
"25-34","2026-06-16T13:10:00+00:00","Male","51.669295","Police and Criminal Evidence Act 1984 (section 1)","-1.306428","Stolen goods","Asian","Arrest","True","False","","False","Other ethnic group - Not stated","Person search"
"over 34","2026-06-16T13:30:00+00:00","Male","51.458685","Misuse of Drugs Act 1971 (section 23)","-0.996738","Controlled drugs","White","A no further action disposal","","False","","False","Other ethnic group - Not stated","Person search"
"18-24","2026-06-16T13:45:00+00:00","Male","51.730303","Misuse of Drugs Act 1971 (section 23)","-1.216576","Controlled drugs","White","Community resolution","True","False","","False","White - English/Welsh/Scottish/Northern Irish/British","Person search"
"18-24","2026-06-16T14:00:00+00:00","Male","51.735911","Misuse of Drugs Act 1971 (section 23)","-1.210889","Controlled drugs","White","Community resolution","True","False","","False","White - English/Welsh/Scottish/Northern Irish/British","Person search"
"","2026-06-16T14:07:00+00:00","Female","51.735911","Misuse of Drugs Act 1971 (section 23)","-1.210889","Controlled drugs","White","A no further action disposal","","False","","False","White - English/Welsh/Scottish/Northern Irish/British","Person search"
"over 34","2026-06-16T14:20:00+00:00","Female","51.733810","Police and Criminal Evidence Act 1984 (section 1)","-1.218007","Stolen goods","White","A no further action disposal","","False","","False","White - English/Welsh/Scottish/Northern Irish/British","Person search"
"over 34","2026-06-16T14:29:00+00:00","Female","","Police and Criminal Evidence Act 1984 (section 1)","","Stolen goods","White","A no further action disposal","","False","","False","White - English/Welsh/Scottish/Northern Irish/British","Person search"
"over 34","2026-06-16T14:29:00+00:00","Male","","Police and Criminal Evidence Act 1984 (section 1)","","Stolen goods","White","A no further action disposal","","False","","False","White - English/Welsh/Scottish/Northern Irish/British","Person search"
"over 34","2026-06-16T14:29:00+00:00","Female","","Police and Criminal Evidence Act 1984 (section 1)","","Stolen goods","White","A no further action disposal","","False","","False","White - English/Welsh/Scottish/Northern Irish/British","Person search"
"over 34","2026-06-16T14:45:00+00:00","Male","51.629846","Police and Criminal Evidence Act 1984 (section 1)","-0.751442","Stolen goods","White","A no further action disposal","","False","","False","White - English/Welsh/Scottish/Northern Irish/British","Person search"
"18-24","2026-06-16T14:54:00+00:00","Male","51.735455","Misuse of Drugs Act 1971 (section 23)","-1.211216","Controlled drugs","Asian","A no further action disposal","","False","","False","Asian/Asian British - Indian","Person search"
"25-34","2026-06-16T15:11:00+00:00","Male","51.614271","Misuse of Drugs Act 1971 (section 23)","-0.763723","Controlled drugs","Asian","A no further action disposal","","False","","False","Other ethnic group - Not stated","Person and Vehicle search"
"over 34","2026-06-16T15:30:00+00:00","Male","51.457901","Misuse of Drugs Act 1971 (section 23)","-0.578994","Controlled drugs","White","Arrest","True","False","","False","White - English/Welsh/Scottish/Northern Irish/British","Person and Vehicle search"
"18-24","2026-06-16T15:45:00+00:00","Female","51.410254","Misuse of Drugs Act 1971 (section 23)","-0.672761","Controlled drugs","White","A no further action disposal","","False","","False","White - English/Welsh/Scottish/Northern Irish/British","Person search"
"18-24","2026-06-16T15:55:00+00:00","Male","51.519389","Misuse of Drugs Act 1971 (section 23)","-0.653702","Controlled drugs","Black","Penalty Notice for Disorder","True","False","","False","Mixed/Multiple ethnic groups - White and Black African","Person search"
"25-34","2026-06-16T16:00:00+00:00","Male","51.410254","Misuse of Drugs Act 1971 (section 23)","-0.672761","Controlled drugs","White","A no further action disposal","","False","","False","White - English/Welsh/Scottish/Northern Irish/British","Person and Vehicle search"
"25-34","2026-06-16T17:20:00+00:00","Male","51.411363","Police and Criminal Evidence Act 1984 (section 1)","-0.683407","Stolen goods","Black","Arrest","True","False","","False","Other ethnic group - Not stated","Person search"
"25-34","2026-06-16T17:50:00+00:00","Male","51.594401","Misuse of Drugs Act 1971 (section 23)","-1.453807","Controlled drugs","White","A no further action disposal","","False","","False","White - English/Welsh/Scottish/Northern Irish/British","Person and Vehicle search"
"over 34","2026-06-16T17:55:00+00:00","Male","51.313380","Firearms Act 1968 (section 47)","-0.757780","Firearms","White","A no further action disposal","","False","","False","White - English/Welsh/Scottish/Northern Irish/British","Person and Vehicle search"
"10-17","2026-06-16T18:55:00+00:00","Male","52.037510","Police and Criminal Evidence Act 1984 (section 1)","-0.758312","Article for use in theft","White","A no further action disposal","","False","","False","White - English/Welsh/Scottish/Northern Irish/British","Person search"
"10-17","2026-06-16T19:00:00+00:00","Male","52.038923","Police and Criminal Evidence Act 1984 (section 1)","-0.755022","Articles for use in criminal damage","Black","A no further action disposal","","False","","False","Mixed/Multiple ethnic groups - White and Black Caribbean","Person search"
"10-17","2026-06-16T19:00:00+00:00","Male","52.038923","Police and Criminal Evidence Act 1984 (section 1)","-0.755022","Articles for use in criminal damage","White","A no further action disposal","","False","","False","White - English/Welsh/Scottish/Northern Irish/British","Person search"
"10-17","2026-06-16T19:00:00+00:00","Male","52.038923","Police and Criminal Evidence Act 1984 (section 1)","-0.755022","Articles for use in criminal damage","White","A no further action disposal","","False","","False","White - English/Welsh/Scottish/Northern Irish/British","Person search"
"18-24","2026-06-16T19:08:00+00:00","Male","","Police and Criminal Evidence Act 1984 (section 1)","","Stolen goods","White","A no further action disposal","","False","","False","Other ethnic group - Not stated","Person search"
"25-34","2026-06-16T19:08:00+00:00","Male","","Police and Criminal Evidence Act 1984 (section 1)","","Stolen goods","White","Community resolution","True","False","","False","Other ethnic group - Not stated","Person search"
"over 34","2026-06-16T19:20:00+00:00","Male","51.411156","Misuse of Drugs Act 1971 (section 23)","-0.674627","Controlled drugs","Black","A no further action disposal","","False","","False","Black/African/Caribbean/Black British - Any other Black/African/Caribbean background","Person search"
"over 34","2026-06-16T19:28:00+00:00","Male","51.410254","Police and Criminal Evidence Act 1984 (section 1)","-0.672761","Stolen goods","Asian","A no further action disposal","","False","","False","Other ethnic group - Not stated","Person search"
"over 34","2026-06-16T19:30:00+00:00","Female","51.473844","Misuse of Drugs Act 1971 (section 23)","-1.037340","Controlled drugs","White","A no further action disposal","","False","","False","Other ethnic group - Not stated","Person search"
"over 34","2026-06-16T19:30:00+00:00","Male","51.463663","Misuse of Drugs Act 1971 (section 23)","-1.018447","Controlled drugs","White","A no further action disposal","","False","","False","Other ethnic group - Not stated","Person search"
"18-24","2026-06-16T19:40:00+00:00","Male","51.445268","Misuse of Drugs Act 1971 (section 23)","-0.710564","Controlled drugs","White","Arrest","True","False","","False","White - English/Welsh/Scottish/Northern Irish/British","Person search"
"18-24","2026-06-16T20:00:00+00:00","Male","","Misuse of Drugs Act 1971 (section 23)","","Controlled drugs","White","A no further action disposal","","False","","False","White - English/Welsh/Scottish/Northern Irish/British","Person search"
"over 34","2026-06-16T20:00:00+00:00","Male","51.411746","Misuse of Drugs Act 1971 (section 23)","-1.298310","Controlled drugs","White","A no further action disposal","","False","","False","White - English/Welsh/Scottish/Northern Irish/British","Person search"
"25-34","2026-06-16T20:30:00+00:00","Male","","Misuse of Drugs Act 1971 (section 23)","","Controlled drugs","Asian","A no further action disposal","","False","","False","Asian/Asian British - Any other Asian background","Person and Vehicle search"
"25-34","2026-06-16T20:50:00+00:00","Male","51.818722","Misuse of Drugs Act 1971 (section 23)","-0.820076","Controlled drugs","Asian","A no further action disposal","","False","","False","Other ethnic group - Not stated","Person search"
"18-24","2026-06-16T20:50:00+00:00","Male","51.818722","Misuse of Drugs Act 1971 (section 23)","-0.820076","Controlled drugs","Asian","A no further action disposal","","False","","False","Other ethnic group - Not stated","Person search"
"18-24","2026-06-16T21:06:00+00:00","Male","51.400187","Misuse of Drugs Act 1971 (section 23)","-1.318799","Controlled drugs","White","A no further action disposal","","False","","False","White - English/Welsh/Scottish/Northern Irish/British","Person search"
"25-34","2026-06-16T21:09:00+00:00","Male","51.804728","Misuse of Drugs Act 1971 (section 23)","-1.304642","Controlled drugs","White","Community resolution","True","False","","False","White - English/Welsh/Scottish/Northern Irish/British","Person search"
"10-17","2026-06-16T21:40:00+00:00","Male","51.522626","Misuse of Drugs Act 1971 (section 23)","-1.134599","Controlled drugs","White","A no further action disposal","","False","","False","Other ethnic group - Not stated","Person search"
"10-17","2026-06-16T21:40:00+00:00","Male","51.522626","Misuse of Drugs Act 1971 (section 23)","-1.134599","Controlled drugs","White","Community resolution","True","False","","False","White - English/Welsh/Scottish/Northern Irish/British","Person search"
"10-17","2026-06-16T21:40:00+00:00","Male","51.522626","Misuse of Drugs Act 1971 (section 23)","-1.134599","Controlled drugs","White","Community resolution","True","False","","False","White - English/Welsh/Scottish/Northern Irish/British","Person search"
"25-34","2026-06-16T21:40:00+00:00","Male","51.410254","Misuse of Drugs Act 1971 (section 23)","-0.672761","Controlled drugs","Black","A no further action disposal","","False","","False","Mixed/Multiple ethnic groups - White and Black Caribbean","Person search"
"","2026-06-16T21:43:00+00:00","Other","51.411156","Misuse of Drugs Act 1971 (section 23)","-0.674627","Controlled drugs","Black","A no further action disposal","","False","","False","Other ethnic group - Not stated","Person search"
"10-17","2026-06-16T21:50:00+00:00","Male","51.522626","Misuse of Drugs Act 1971 (section 23)","-1.134599","Controlled drugs","White","Community resolution","True","False","","False","White - English/Welsh/Scottish/Northern Irish/British","Person search"
"25-34","2026-06-16T22:00:00+00:00","Male","51.405134","Police and Criminal Evidence Act 1984 (section 1)","-0.674888","Stolen goods","White","A no further action disposal","","False","","False","White - English/Welsh/Scottish/Northern Irish/British","Person search"
"18-24","2026-06-16T22:10:00+00:00","Male","51.411156","Police and Criminal Evidence Act 1984 (section 1)","-0.674627","Stolen goods","White","A no further action disposal","","False","","False","White - English/Welsh/Scottish/Northern Irish/British","Person search"
"over 34","2026-06-16T22:12:00+00:00","Female","51.405134","Police and Criminal Evidence Act 1984 (section 1)","-0.674888","Stolen goods","White","A no further action disposal","","False","","False","Other ethnic group - Not stated","Person search"
"25-34","2026-06-16T22:14:00+00:00","Male","51.405134","Police and Criminal Evidence Act 1984 (section 1)","-0.674888","Stolen goods","White","A no further action disposal","","False","","False","White - English/Welsh/Scottish/Northern Irish/British","Person search"
"25-34","2026-06-17T00:02:00+00:00","Male","51.399229","Police and Criminal Evidence Act 1984 (section 1)","-1.325785","Offensive weapons","Black","A no further action disposal","","False","","False","Other ethnic group - Not stated","Person search"
"over 34","2026-06-17T08:10:00+00:00","Male","51.419167","Misuse of Drugs Act 1971 (section 23)","-0.765085","Controlled drugs","White","A no further action disposal","","False","","False","Other ethnic group - Not stated","Person and Vehicle search"
"over 34","2026-06-17T10:05:00+00:00","Female","51.816352","Police and Criminal Evidence Act 1984 (section 1)","-0.807038","Stolen goods","Black","A no further action disposal","","False","","False","Other ethnic group - Not stated","Person search"
"over 34","2026-06-17T10:38:00+00:00","Male","51.752293","Misuse of Drugs Act 1971 (section 23)","-1.238114","Controlled drugs","White","A no further action disposal","","False","","False","White - English/Welsh/Scottish/Northern Irish/British","Person search"
"18-24","2026-06-17T11:00:00+00:00","Male","","Misuse of Drugs Act 1971 (section 23)","","Controlled drugs","White","Community resolution","True","False","","False","White - English/Welsh/Scottish/Northern Irish/British","Person and Vehicle search"
"10-17","2026-06-17T11:05:00+00:00","Male","51.817043","Police and Criminal Evidence Act 1984 (section 1)","-0.811299","Stolen goods","White","A no further action disposal","","False","","False","White - English/Welsh/Scottish/Northern Irish/British","Person search"
"25-34","2026-06-17T11:07:00+00:00","Male","51.515433","Misuse of Drugs Act 1971 (section 23)","-0.587956","Controlled drugs","Asian","Community resolution","True","False","","False","White - English/Welsh/Scottish/Northern Irish/British","Person and Vehicle search"
"25-34","2026-06-17T11:07:00+00:00","Male","51.515433","Misuse of Drugs Act 1971 (section 23)","-0.587956","Controlled drugs","White","A no further action disposal","","False","","False","Other ethnic group - Not stated","Person and Vehicle search"
"25-34","2026-06-17T11:35:00+00:00","Male","51.642171","Misuse of Drugs Act 1971 (section 23)","-0.751118","Controlled drugs","Asian","A no further action disposal","","False","","True","Other ethnic group - Not stated","Person and Vehicle search"
"over 34","2026-06-17T11:50:00+00:00","Male","51.657253","Police and Criminal Evidence Act 1984 (section 1)","-0.896904","Stolen goods","Black","Summons / charged by post","True","False","","False","Black/African/Caribbean/Black British - Caribbean","Person search"
"","2026-06-17T12:10:00+00:00","Male","51.439422","Police and Criminal Evidence Act 1984 (section 1)","-0.910791","Stolen goods","White","A no further action disposal","","False","","False","White - English/Welsh/Scottish/Northern Irish/British","Person and Vehicle search"
"over 34","2026-06-17T12:45:00+00:00","Female","51.737999","Misuse of Drugs Act 1971 (section 23)","-1.097167","Controlled drugs","White","Arrest","True","False","","False","White - English/Welsh/Scottish/Northern Irish/British","Person and Vehicle search"
"over 34","2026-06-17T13:00:00+00:00","Male","51.732541","Misuse of Drugs Act 1971 (section 23)","-1.214960","Controlled drugs","Black","A no further action disposal","","False","","False","Black/African/Caribbean/Black British - Caribbean","Person search"
"over 34","2026-06-17T13:00:00+00:00","Male","51.737999","Misuse of Drugs Act 1971 (section 23)","-1.097167","Controlled drugs","White","A no further action disposal","","False","","False","White - English/Welsh/Scottish/Northern Irish/British","Person search"
"18-24","2026-06-17T13:05:00+00:00","Male","51.732050","Misuse of Drugs Act 1971 (section 23)","-1.215735","Controlled drugs","White","A no further action disposal","","False","","False","White - English/Welsh/Scottish/Northern Irish/British","Person search"
"over 34","2026-06-17T13:30:00+00:00","Male","51.658708","Police and Criminal Evidence Act 1984 (section 1)","-0.894873","Stolen goods","White","Summons / charged by post","True","False","","False","White - English/Welsh/Scottish/Northern Irish/British","Person search"
"10-17","2026-06-17T13:44:00+00:00","Male","51.671022","Misuse of Drugs Act 1971 (section 23)","-1.298954","Controlled drugs","Black","A no further action disposal","","False","","True","Mixed/Multiple ethnic groups - White and Black Caribbean","Person search"
"over 34","2026-06-17T13:50:00+00:00","Male","51.452428","Police and Criminal Evidence Act 1984 (section 1)","-0.949584","Offensive weapons","White","Arrest","True","False","","False","Black/African/Caribbean/Black British - Caribbean","Person search"
"25-34","2026-06-17T14:07:00+00:00","Male","51.452428","Police and Criminal Evidence Act 1984 (section 1)","-0.949584","Offensive weapons","Black","A no further action disposal","","False","","False","Black/African/Caribbean/Black British - Caribbean","Person search"
"25-34","2026-06-17T14:17:00+00:00","Male","52.040756","Misuse of Drugs Act 1971 (section 23)","-0.764302","Controlled drugs","Asian","Community resolution","True","False","","False","Asian/Asian British - Any other Asian background","Person search"
"25-34","2026-06-17T16:00:00+00:00","Male","51.996984","Misuse of Drugs Act 1971 (section 23)","-0.713595","Controlled drugs","Asian","A no further action disposal","","False","","False","Other ethnic group - Not stated","Person search"
"18-24","2026-06-17T16:00:00+00:00","Male","51.996984","Misuse of Drugs Act 1971 (section 23)","-0.713595","Controlled drugs","Other","A no further action disposal","","False","","False","Other ethnic group - Not stated","Person search"
"25-34","2026-06-17T16:00:00+00:00","Male","51.996984","Misuse of Drugs Act 1971 (section 23)","-0.713595","Controlled drugs","Other","A no further action disposal","","False","","False","Other ethnic group - Not stated","Person search"
"over 34","2026-06-17T16:18:00+00:00","Male","51.638147","Misuse of Drugs Act 1971 (section 23)","-0.778887","Controlled drugs","White","A no further action disposal","","False","","False","White - Any other White background","Person and Vehicle search"
"over 34","2026-06-17T16:28:00+00:00","Male","","Misuse of Drugs Act 1971 (section 23)","","Controlled drugs","White","A no further action disposal","","False","","False","White - English/Welsh/Scottish/Northern Irish/British","Person and Vehicle search"
"10-17","2026-06-17T19:23:00+00:00","Male","52.044373","Police and Criminal Evidence Act 1984 (section 1)","-1.327818","Article for use in theft","White","A no further action disposal","","False","","False","White - English/Welsh/Scottish/Northern Irish/British","Person search"
"10-17","2026-06-17T20:15:00+00:00","Male","51.403683","Misuse of Drugs Act 1971 (section 23)","-1.280938","Controlled drugs","White","A no further action disposal","","False","","False","White - English/Welsh/Scottish/Northern Irish/British","Person search"
"25-34","2026-06-17T21:15:00+00:00","Male","51.415568","Police and Criminal Evidence Act 1984 (section 1)","-0.747092","Offensive weapons","White","A no further action disposal","","False","","False","White - English/Welsh/Scottish/Northern Irish/British","Person and Vehicle search"
"over 34","2026-06-17T21:28:00+00:00","Male","51.415568","Police and Criminal Evidence Act 1984 (section 1)","-0.747092","Stolen goods","White","A no further action disposal","","False","","False","White - English/Welsh/Scottish/Northern Irish/British","Person and Vehicle search"
"25-34","2026-06-17T21:30:00+00:00","Male","52.048896","Misuse of Drugs Act 1971 (section 23)","-0.745791","Controlled drugs","Black","Community resolution","True","False","","False","Other ethnic group - Not stated","Person and Vehicle search"
"25-34","2026-06-17T21:55:00+00:00","Male","51.827583","Misuse of Drugs Act 1971 (section 23)","-0.834893","Controlled drugs","White","A no further action disposal","","False","","False","Other ethnic group - Not stated","Person search"
"25-34","2026-06-17T21:55:00+00:00","Male","52.048896","Misuse of Drugs Act 1971 (section 23)","-0.745791","Controlled drugs","Asian","A no further action disposal","","False","","False","Mixed/Multiple ethnic groups - White and Asian","Person and Vehicle search"
"25-34","2026-06-17T22:05:00+00:00","Male","52.048896","Misuse of Drugs Act 1971 (section 23)","-0.745791","Controlled drugs","Black","Community resolution","True","False","","False","Mixed/Multiple ethnic groups - White and Black African","Person and Vehicle search"
"18-24","2026-06-17T22:41:00+00:00","Male","51.900604","Misuse of Drugs Act 1971 (section 23)","-0.876754","Controlled drugs","White","A no further action disposal","","False","","False","White - English/Welsh/Scottish/Northern Irish/British","Person and Vehicle search"
"18-24","2026-06-17T22:44:00+00:00","Male","51.900604","Misuse of Drugs Act 1971 (section 23)","-0.876754","Controlled drugs","White","Community resolution","True","False","","False","White - English/Welsh/Scottish/Northern Irish/British","Person search"
"25-34","2026-06-17T23:20:00+00:00","Male","51.684136","Misuse of Drugs Act 1971 (section 23)","-0.736887","Controlled drugs","Asian","Community resolution","True","False","","False","Other ethnic group - Not stated","Person and Vehicle search"
"25-34","2026-06-17T23:28:00+00:00","Male","51.507909","Police and Criminal Evidence Act 1984 (section 1)","-0.742299","Offensive weapons","White","A no further action disposal","","False","","False","White - English/Welsh/Scottish/Northern Irish/British","Person search"
"","2026-06-18T00:47:00+00:00","Male","52.016471","Police and Criminal Evidence Act 1984 (section 1)","-0.691032","Offensive weapons","Black","A no further action disposal","","False","","False","Other ethnic group - Not stated","Person search"
"25-34","2026-06-18T04:48:00+00:00","Male","51.723793","Police and Criminal Evidence Act 1984 (section 1)","-0.825748","Offensive weapons","White","A no further action disposal","","False","","False","White - English/Welsh/Scottish/Northern Irish/British","Person search"
"over 34","2026-06-18T07:30:00+00:00","Male","51.356691","Police and Criminal Evidence Act 1984 (section 1)","-0.772094","Offensive weapons","White","Arrest","True","False","","False","White - English/Welsh/Scottish/Northern Irish/British","Person and Vehicle search"
"over 34","2026-06-18T09:39:00+00:00","Male","51.509362","Misuse of Drugs Act 1971 (section 23)","-0.576702","Controlled drugs","White","A no further action disposal","","False","","False","Other ethnic group - Not stated","Person search"
"over 34","2026-06-18T10:00:00+00:00","Female","51.510709","Misuse of Drugs Act 1971 (section 23)","-0.572842","Controlled drugs","Black","A no further action disposal","","False","","False","Other ethnic group - Not stated","Person search"
"10-17","2026-06-18T10:25:00+00:00","Female","51.752293","Police and Criminal Evidence Act 1984 (section 1)","-1.238114","Offensive weapons","White","A no further action disposal","","False","","False","Other ethnic group - Not stated","Person search"
"over 34","2026-06-18T10:50:00+00:00","Male","51.510709","Misuse of Drugs Act 1971 (section 23)","-0.572842","Controlled drugs","Asian","A no further action disposal","","False","","False","Asian/Asian British - Pakistani","Person and Vehicle search"
"over 34","2026-06-18T10:50:00+00:00","Male","51.510709","Misuse of Drugs Act 1971 (section 23)","-0.572842","Controlled drugs","Asian","A no further action disposal","","False","","False","Other ethnic group - Not stated","Person and Vehicle search"
"25-34","2026-06-18T11:06:00+00:00","Male","51.511102","Misuse of Drugs Act 1971 (section 23)","-0.575625","Controlled drugs","Asian","Community resolution","True","False","","False","Other ethnic group - Not stated","Person search"
"over 34","2026-06-18T11:15:00+00:00","Male","51.466260","Police and Criminal Evidence Act 1984 (section 1)","-0.586898","Offensive weapons","White","A no further action disposal","","False","","False","White - English/Welsh/Scottish/Northern Irish/British","Person search"
"18-24","2026-06-18T11:26:00+00:00","Male","51.456424","Misuse of Drugs Act 1971 (section 23)","-0.984783","Controlled drugs","Black","A no further action disposal","","False","","False","Black/African/Caribbean/Black British - African","Person search"
"18-24","2026-06-18T11:35:00+00:00","Other","51.405028","Misuse of Drugs Act 1971 (section 23)","-0.753778","Controlled drugs","White","A no further action disposal","","False","","False","Other ethnic group - Not stated","Person search"
"over 34","2026-06-18T11:52:00+00:00","Male","","Misuse of Drugs Act 1971 (section 23)","","Controlled drugs","White","A no further action disposal","","False","","False","White - English/Welsh/Scottish/Northern Irish/British","Person search"
"over 34","2026-06-18T11:54:00+00:00","Male","51.411156","Police and Criminal Evidence Act 1984 (section 1)","-0.674627","Article for use in theft","White","A no further action disposal","","False","","False","White - English/Welsh/Scottish/Northern Irish/British","Person search"
"over 34","2026-06-18T12:35:00+00:00","Male","51.506842","Misuse of Drugs Act 1971 (section 23)","-0.587674","Controlled drugs","White","A no further action disposal","","False","","False","White - English/Welsh/Scottish/Northern Irish/British","Person search"
"25-34","2026-06-18T12:41:00+00:00","Male","51.506541","Misuse of Drugs Act 1971 (section 23)","-0.585796","Controlled drugs","Black","A no further action disposal","","False","","False","Black/African/Caribbean/Black British - African","Person search"
"over 34","2026-06-18T12:50:00+00:00","Male","51.506541","Misuse of Drugs Act 1971 (section 23)","-0.585796","Controlled drugs","Black","Community resolution","True","False","","False","Black/African/Caribbean/Black British - Caribbean","Person search"
"over 34","2026-06-18T13:10:00+00:00","Male","51.820417","Police and Criminal Evidence Act 1984 (section 1)","-0.808018","Stolen goods","White","A no further action disposal","","False","","False","Other ethnic group - Not stated","Person search"
"over 34","2026-06-18T14:00:00+00:00","Male","51.397353","Police and Criminal Evidence Act 1984 (section 1)","-0.733157","Offensive weapons","White","A no further action disposal","","False","","False","White - English/Welsh/Scottish/Northern Irish/British","Person search"
"18-24","2026-06-18T14:55:00+00:00","Male","51.765025","Police and Criminal Evidence Act 1984 (section 1)","-1.204209","Offensive weapons","White","A no further action disposal","","False","","False","White - English/Welsh/Scottish/Northern Irish/British","Person search"
"25-34","2026-06-18T16:45:00+00:00","Male","","Misuse of Drugs Act 1971 (section 23)","","Controlled drugs","Black","Community resolution","True","False","","False","Other ethnic group - Not stated","Person search"
"25-34","2026-06-18T17:10:00+00:00","Male","51.513988","Police and Criminal Evidence Act 1984 (section 1)","-0.570404","Offensive weapons","Asian","A no further action disposal","","False","","False","Asian/Asian British - Indian","Person search"
"25-34","2026-06-18T17:21:00+00:00","Male","51.517864","Police and Criminal Evidence Act 1984 (section 1)","-0.569707","Offensive weapons","Asian","A no further action disposal","","False","","False","Asian/Asian British - Indian","Person search"
"10-17","2026-06-18T17:30:00+00:00","Female","51.405134","Misuse of Drugs Act 1971 (section 23)","-0.674888","Controlled drugs","Black","Community resolution","True","False","","False","Black/African/Caribbean/Black British - Caribbean","Person and Vehicle search"
"18-24","2026-06-18T17:30:00+00:00","Male","51.405134","Misuse of Drugs Act 1971 (section 23)","-0.674888","Controlled drugs","Black","A no further action disposal","","False","","False","Black/African/Caribbean/Black British - Caribbean","Person search"
"18-24","2026-06-18T17:34:00+00:00","Male","51.405134","Misuse of Drugs Act 1971 (section 23)","-0.674888","Controlled drugs","Black","A no further action disposal","","False","","False","Black/African/Caribbean/Black British - Caribbean","Person and Vehicle search"
"over 34","2026-06-18T18:00:00+00:00","Male","51.509494","Misuse of Drugs Act 1971 (section 23)","-0.595114","Controlled drugs","Black","A no further action disposal","","False","","False","Other ethnic group - Not stated","Person search"
"over 34","2026-06-18T18:02:00+00:00","Male","51.751129","Misuse of Drugs Act 1971 (section 23)","-1.261369","Controlled drugs","White","Community resolution","True","False","","False","White - English/Welsh/Scottish/Northern Irish/British","Person search"
"18-24","2026-06-18T18:29:00+00:00","Female","51.398116","Misuse of Drugs Act 1971 (section 23)","-1.313741","Controlled drugs","White","Community resolution","True","False","","False","White - English/Welsh/Scottish/Northern Irish/British","Person search"
"25-34","2026-06-18T18:30:00+00:00","Male","51.753340","Police and Criminal Evidence Act 1984 (section 1)","-1.262724","Offensive weapons","White","A no further action disposal","","False","","False","Other ethnic group - Not stated","Person search"
"25-34","2026-06-18T18:35:00+00:00","Male","51.398116","Misuse of Drugs Act 1971 (section 23)","-1.313741","Controlled drugs","White","Community resolution","True","False","","False","White - English/Welsh/Scottish/Northern Irish/British","Person search"
"18-24","2026-06-18T21:15:00+00:00","Male","51.477132","Misuse of Drugs Act 1971 (section 23)","-0.917381","Controlled drugs","White","Community resolution","True","False","","False","White - English/Welsh/Scottish/Northern Irish/British","Person search"
"over 34","2026-06-18T21:20:00+00:00","Male","51.461973","Misuse of Drugs Act 1971 (section 23)","-0.966307","Controlled drugs","White","Community resolution","True","False","","False","White - English/Welsh/Scottish/Northern Irish/British","Person search"
"18-24","2026-06-18T21:43:00+00:00","Female","51.616258","Police and Criminal Evidence Act 1984 (section 1)","-1.412570","Offensive weapons","White","A no further action disposal","","False","","False","White - English/Welsh/Scottish/Northern Irish/British","Person search"
"25-34","2026-06-18T21:55:00+00:00","Male","51.601107","Misuse of Drugs Act 1971 (section 23)","-0.652832","Controlled drugs","Asian","A no further action disposal","","False","","False","Asian/Asian British - Pakistani","Person and Vehicle search"
"over 34","2026-06-18T23:00:00+00:00","Male","51.371788","Firearms Act 1968 (section 47)","-1.033146","Firearms","White","A no further action disposal","","False","","False","White - English/Welsh/Scottish/Northern Irish/British","Person search"
"18-24","2026-06-19T01:04:00+00:00","Male","","Police and Criminal Evidence Act 1984 (section 1)","","Article for use in theft","Black","A no further action disposal","","False","","False","Other ethnic group - Not stated","Person search"
"over 34","2026-06-19T06:10:00+00:00","Male","51.801978","Police and Criminal Evidence Act 1984 (section 1)","-0.822400","Stolen goods","White","Arrest","True","False","","False","White - English/Welsh/Scottish/Northern Irish/British","Person search"
"25-34","2026-06-19T07:21:00+00:00","Male","","Misuse of Drugs Act 1971 (section 23)","","Controlled drugs","White","Arrest","True","False","","False","White - Irish","Person and Vehicle search"
"18-24","2026-06-19T09:50:00+00:00","Male","51.503422","Police and Criminal Evidence Act 1984 (section 1)","-0.609248","Offensive weapons","Black","A no further action disposal","","False","","False","Other ethnic group - Not stated","Person and Vehicle search"
"18-24","2026-06-19T09:57:00+00:00","Male","51.459846","Misuse of Drugs Act 1971 (section 23)","-0.972976","Controlled drugs","White","A no further action disposal","","False","","False","White - English/Welsh/Scottish/Northern Irish/British","Person search"
"18-24","2026-06-19T10:05:00+00:00","Male","51.459851","Misuse of Drugs Act 1971 (section 23)","-0.970472","Controlled drugs","White","A no further action disposal","","False","","False","White - English/Welsh/Scottish/Northern Irish/British","Person search"
"25-34","2026-06-19T10:27:00+00:00","Male","51.459846","Misuse of Drugs Act 1971 (section 23)","-0.972976","Controlled drugs","White","A no further action disposal","","False","","False","White - English/Welsh/Scottish/Northern Irish/British","Person search"
"18-24","2026-06-19T10:30:00+00:00","Male","51.385382","Misuse of Drugs Act 1971 (section 23)","-1.321073","Controlled drugs","White","A no further action disposal","","False","","False","White - English/Welsh/Scottish/Northern Irish/British","Person search"
"over 34","2026-06-19T10:40:00+00:00","Male","51.459846","Misuse of Drugs Act 1971 (section 23)","-0.972976","Controlled drugs","White","A no further action disposal","","False","","False","White - English/Welsh/Scottish/Northern Irish/British","Person search"
"18-24","2026-06-19T11:05:00+00:00","Male","51.459846","Misuse of Drugs Act 1971 (section 23)","-0.972976","Controlled drugs","White","A no further action disposal","","False","","False","White - Any other White background","Person search"
"","2026-06-19T11:30:00+00:00","Male","51.458813","Misuse of Drugs Act 1971 (section 23)","-0.970999","Controlled drugs","White","A no further action disposal","","False","","False","White - English/Welsh/Scottish/Northern Irish/British","Person search"
"18-24","2026-06-19T11:46:00+00:00","Male","51.459846","Misuse of Drugs Act 1971 (section 23)","-0.972976","Controlled drugs","White","A no further action disposal","","False","","False","White - English/Welsh/Scottish/Northern Irish/British","Person search"
"over 34","2026-06-19T11:51:00+00:00","Female","51.458685","Misuse of Drugs Act 1971 (section 23)","-0.996738","Controlled drugs","Black","A no further action disposal","","False","","False","Other ethnic group - Not stated","Person search"
"18-24","2026-06-19T11:58:00+00:00","Male","51.411156","Police and Criminal Evidence Act 1984 (section 1)","-0.674627","Stolen goods","Asian","A no further action disposal","","False","","False","Mixed/Multiple ethnic groups - Any other Mixed/Multiple ethnic background","Person search"
"25-34","2026-06-19T12:20:00+00:00","Male","51.511262","Misuse of Drugs Act 1971 (section 23)","-0.621345","Controlled drugs","White","Community resolution","True","False","","False","White - Any other White background","Person and Vehicle search"
"25-34","2026-06-19T12:46:00+00:00","Male","51.511262","Misuse of Drugs Act 1971 (section 23)","-0.621345","Controlled drugs","White","Khat or Cannabis warning","True","False","","False","White - Any other White background","Person and Vehicle search"
"10-17","2026-06-19T12:56:00+00:00","Male","51.436854","Misuse of Drugs Act 1971 (section 23)","-0.790994","Controlled drugs","White","A no further action disposal","","False","","False","White - English/Welsh/Scottish/Northern Irish/British","Person search"
"10-17","2026-06-19T13:00:00+00:00","Male","51.411056","Misuse of Drugs Act 1971 (section 23)","-0.672919","Controlled drugs","White","A no further action disposal","","False","","False","White - English/Welsh/Scottish/Northern Irish/British","Person search"
"18-24","2026-06-19T13:55:00+00:00","Female","51.484596","Misuse of Drugs Act 1971 (section 23)","-0.524199","Controlled drugs","White","Community resolution","True","False","","False","White - English/Welsh/Scottish/Northern Irish/British","Person and Vehicle search"
"18-24","2026-06-19T13:55:00+00:00","Male","51.484596","Misuse of Drugs Act 1971 (section 23)","-0.524199","Controlled drugs","White","Community resolution","True","False","","False","White - English/Welsh/Scottish/Northern Irish/British","Person and Vehicle search"
"18-24","2026-06-19T13:55:00+00:00","Female","51.484596","Misuse of Drugs Act 1971 (section 23)","-0.524199","Controlled drugs","White","Community resolution","True","False","","False","White - English/Welsh/Scottish/Northern Irish/British","Person and Vehicle search"
"10-17","2026-06-19T14:00:00+00:00","Male","52.063794","Police and Criminal Evidence Act 1984 (section 1)","-0.775731","Offensive weapons","Black","A no further action disposal","","False","","False","Mixed/Multiple ethnic groups - White and Black African","Person search"
"over 34","2026-06-19T14:00:00+00:00","Male","51.635937","Misuse of Drugs Act 1971 (section 23)","-0.780868","Controlled drugs","White","A no further action disposal","","False","","False","White - English/Welsh/Scottish/Northern Irish/British","Person and Vehicle search"
"10-17","2026-06-19T14:12:00+00:00","Male","52.063829","Police and Criminal Evidence Act 1984 (section 1)","-0.780004","Offensive weapons","Black","A no further action disposal","","False","","False","Mixed/Multiple ethnic groups - Any other Mixed/Multiple ethnic background","Person search"
"10-17","2026-06-19T14:16:00+00:00","Male","52.063829","Police and Criminal Evidence Act 1984 (section 1)","-0.780004","Offensive weapons","Black","A no further action disposal","","False","","False","Black/African/Caribbean/Black British - Caribbean","Person search"
"18-24","2026-06-19T14:28:00+00:00","Male","52.050152","Misuse of Drugs Act 1971 (section 23)","-0.813247","Controlled drugs","Black","A no further action disposal","","False","","False","Mixed/Multiple ethnic groups - White and Black African","Person search"
"over 34","2026-06-19T14:53:00+00:00","Male","52.015133","Misuse of Drugs Act 1971 (section 23)","-0.729745","Controlled drugs","White","A no further action disposal","","False","","False","White - English/Welsh/Scottish/Northern Irish/British","Person search"
"25-34","2026-06-19T18:03:00+00:00","Male","51.715753","Misuse of Drugs Act 1971 (section 23)","-0.611228","Controlled drugs","Asian","A no further action disposal","","False","","False","Other ethnic group - Not stated","Person search"
"","2026-06-19T18:38:00+00:00","Male","51.531321","Misuse of Drugs Act 1971 (section 23)","-0.630047","Controlled drugs","Black","A no further action disposal","","False","","False","Black/African/Caribbean/Black British - African","Person search"
"","2026-06-19T18:38:00+00:00","Male","51.531321","Misuse of Drugs Act 1971 (section 23)","-0.630047","Controlled drugs","Black","A no further action disposal","","False","","False","Black/African/Caribbean/Black British - Caribbean","Person search"
"18-24","2026-06-19T19:00:00+00:00","Male","51.512172","Misuse of Drugs Act 1971 (section 23)","-0.729039","Controlled drugs","Asian","A no further action disposal","","False","","False","Asian/Asian British - Any other Asian background","Person search"
"18-24","2026-06-19T19:15:00+00:00","Male","51.749275","Police and Criminal Evidence Act 1984 (section 1)","-1.200719","Offensive weapons","White","A no further action disposal","","False","","False","White - Any other White background","Person search"
"18-24","2026-06-19T19:44:00+00:00","Male","51.445205","Misuse of Drugs Act 1971 (section 23)","-1.097284","Controlled drugs","Asian","Penalty Notice for Disorder","True","False","","False","Asian/Asian British - Pakistani","Person search"
"25-34","2026-06-19T19:48:00+00:00","Male","51.409703","Misuse of Drugs Act 1971 (section 23)","-0.665453","Controlled drugs","Black","A no further action disposal","","False","","False","Black/African/Caribbean/Black British - Caribbean","Person search"
"25-34","2026-06-19T20:50:00+00:00","Male","51.507651","Misuse of Drugs Act 1971 (section 23)","-0.616281","Controlled drugs","Asian","A no further action disposal","","False","","False","Other ethnic group - Not stated","Person and Vehicle search"
"25-34","2026-06-19T21:00:00+00:00","Male","51.973830","Misuse of Drugs Act 1971 (section 23)","-0.728365","Controlled drugs","White","A no further action disposal","","False","","False","White - English/Welsh/Scottish/Northern Irish/British","Person search"
"18-24","2026-06-19T21:07:00+00:00","Female","51.411156","Misuse of Drugs Act 1971 (section 23)","-0.674627","Controlled drugs","White","A no further action disposal","","False","","False","White - English/Welsh/Scottish/Northern Irish/British","Person search"
"18-24","2026-06-19T21:09:00+00:00","Male","51.411156","Misuse of Drugs Act 1971 (section 23)","-0.674627","Controlled drugs","White","A no further action disposal","","False","","False","White - English/Welsh/Scottish/Northern Irish/British","Person search"
"over 34","2026-06-19T21:15:00+00:00","Male","51.673005","Misuse of Drugs Act 1971 (section 23)","-1.298418","Controlled drugs","White","Community resolution","True","False","","False","White - English/Welsh/Scottish/Northern Irish/British","Person search"
"","2026-06-19T22:46:00+00:00","Male","51.604073","Misuse of Drugs Act 1971 (section 23)","-0.553744","Controlled drugs","Black","A no further action disposal","","False","","False","Mixed/Multiple ethnic groups - White and Black African","Person search"
"10-17","2026-06-19T22:46:00+00:00","Male","51.608991","Misuse of Drugs Act 1971 (section 23)","-0.543521","Controlled drugs","Black","A no further action disposal","","False","","False","Mixed/Multiple ethnic groups - White and Asian","Person search"
"10-17","2026-06-19T22:46:00+00:00","Male","51.608991","Misuse of Drugs Act 1971 (section 23)","-0.543521","Controlled drugs","Asian","A no further action disposal","","False","","False","Mixed/Multiple ethnic groups - White and Asian","Person search"
"18-24","2026-06-19T22:50:00+00:00","Male","51.385382","Misuse of Drugs Act 1971 (section 23)","-1.321073","Controlled drugs","White","Community resolution","True","False","","False","White - English/Welsh/Scottish/Northern Irish/British","Person and Vehicle search"
"10-17","2026-06-19T23:30:00+00:00","Male","52.066846","Police and Criminal Evidence Act 1984 (section 1)","-1.317779","Offensive weapons","White","A no further action disposal","","False","","False","White - English/Welsh/Scottish/Northern Irish/British","Person search"
"10-17","2026-06-19T23:43:00+00:00","Male","52.000437","Police and Criminal Evidence Act 1984 (section 1)","-0.987354","Articles for use in criminal damage","White","A no further action disposal","","False","","False","White - English/Welsh/Scottish/Northern Irish/British","Person search"
"10-17","2026-06-19T23:47:00+00:00","Male","51.481113","Misuse of Drugs Act 1971 (section 23)","-0.612346","Controlled drugs","White","A no further action disposal","","False","","False","White - English/Welsh/Scottish/Northern Irish/British","Person and Vehicle search"
"25-34","2026-06-20T00:55:00+00:00","Male","52.043582","Misuse of Drugs Act 1971 (section 23)","-0.748302","Controlled drugs","Black","Community resolution","True","False","","False","Black/African/Caribbean/Black British - Caribbean","Person search"
"","2026-06-20T01:15:00+00:00","Male","51.817043","Misuse of Drugs Act 1971 (section 23)","-0.811299","Controlled drugs","Asian","A no further action disposal","","False","","False","Other ethnic group - Not stated","Person and Vehicle search"
"","2026-06-20T01:30:00+00:00","Male","51.819539","Misuse of Drugs Act 1971 (section 23)","-0.807447","Controlled drugs","Asian","A no further action disposal","","False","","False","Asian/Asian British - Pakistani","Person search"
"18-24","2026-06-20T01:30:00+00:00","Male","51.811332","Misuse of Drugs Act 1971 (section 23)","-0.804965","Controlled drugs","White","Community resolution","True","False","","False","White - English/Welsh/Scottish/Northern Irish/British","Person search"
"over 34","2026-06-20T01:47:00+00:00","Male","51.619283","Misuse of Drugs Act 1971 (section 23)","-0.723218","Controlled drugs","White","A no further action disposal","","False","","False","Other ethnic group - Not stated","Person search"
"25-34","2026-06-20T02:40:00+00:00","Male","51.619283","Misuse of Drugs Act 1971 (section 23)","-0.723218","Controlled drugs","White","A no further action disposal","","False","","False","Other ethnic group - Not stated","Person search"
"18-24","2026-06-20T03:02:00+00:00","Male","51.482324","Misuse of Drugs Act 1971 (section 23)","-0.617379","Controlled drugs","White","Community resolution","True","False","","False","White - English/Welsh/Scottish/Northern Irish/British","Person and Vehicle search"
"10-17","2026-06-20T07:20:00+00:00","Male","51.579078","Police and Criminal Evidence Act 1984 (section 1)","-0.553989","Offensive weapons","Asian","A no further action disposal","","False","","False","Mixed/Multiple ethnic groups - Any other Mixed/Multiple ethnic background","Person search"
"25-34","2026-06-20T07:38:00+00:00","Male","51.819539","Misuse of Drugs Act 1971 (section 23)","-0.807447","Controlled drugs","Asian","A no further action disposal","","False","","False","Other ethnic group - Not stated","Person search"
"18-24","2026-06-20T09:50:00+00:00","Male","51.669690","Misuse of Drugs Act 1971 (section 23)","-1.281030","Controlled drugs","White","Community resolution","True","False","","False","White - English/Welsh/Scottish/Northern Irish/British","Person search"
"over 34","2026-06-20T10:20:00+00:00","Male","51.411363","Misuse of Drugs Act 1971 (section 23)","-0.683407","Controlled drugs","Asian","Community resolution","True","False","","False","Asian/Asian British - Indian","Person search"
"10-17","2026-06-20T10:49:00+00:00","Male","51.629846","Misuse of Drugs Act 1971 (section 23)","-0.751442","Controlled drugs","Black","A no further action disposal","","False","","False","Mixed/Multiple ethnic groups - White and Black Caribbean","Person search"
"over 34","2026-06-20T11:30:00+00:00","Male","","Misuse of Drugs Act 1971 (section 23)","","Controlled drugs","White","A no further action disposal","","False","","False","White - English/Welsh/Scottish/Northern Irish/British","Person search"
"10-17","2026-06-20T14:30:00+00:00","Male","52.057316","Misuse of Drugs Act 1971 (section 23)","-0.823865","Controlled drugs","White","A no further action disposal","","False","","False","Mixed/Multiple ethnic groups - White and Black Caribbean","Person search"
"10-17","2026-06-20T15:40:00+00:00","Male","51.628744","Misuse of Drugs Act 1971 (section 23)","-0.753437","Controlled drugs","Asian","Community resolution","True","False","","False","Asian/Asian British - Pakistani","Person search"
"","2026-06-20T15:40:00+00:00","Male","51.627668","Misuse of Drugs Act 1971 (section 23)","-0.751227","Controlled drugs","Asian","A no further action disposal","","False","","False","Asian/Asian British - Pakistani","Person search"
"over 34","2026-06-20T16:15:00+00:00","Female","51.747691","Misuse of Drugs Act 1971 (section 23)","-1.258050","Controlled drugs","White","A no further action disposal","","False","","False","Other ethnic group - Not stated","Person search"
"over 34","2026-06-20T16:25:00+00:00","Male","51.477973","Police and Criminal Evidence Act 1984 (section 1)","-0.946535","Offensive weapons","Black","A no further action disposal","","False","","False","Other ethnic group - Not stated","Person search"
"18-24","2026-06-20T17:45:00+00:00","Female","51.455805","Misuse of Drugs Act 1971 (section 23)","-0.969498","Controlled drugs","White","Community resolution","True","False","","False","White - Any other White background","Person search"
"25-34","2026-06-20T18:22:00+00:00","Male","51.415125","Police and Criminal Evidence Act 1984 (section 1)","-0.679675","Stolen goods","Asian","A no further action disposal","","False","","False","Asian/Asian British - Indian","Person search"
"25-34","2026-06-20T18:25:00+00:00","Male","51.511886","Police and Criminal Evidence Act 1984 (section 1)","-0.601915","Offensive weapons","Asian","A no further action disposal","","False","","False","Asian/Asian British - Any other Asian background","Person search"
"10-17","2026-06-20T19:20:00+00:00","Male","51.579078","Police and Criminal Evidence Act 1984 (section 1)","-0.553989","Offensive weapons","Asian","A no further action disposal","","False","","False","Other ethnic group - Not stated","Person search"
"10-17","2026-06-20T19:20:00+00:00","Male","51.579078","Police and Criminal Evidence Act 1984 (section 1)","-0.553989","Offensive weapons","Asian","A no further action disposal","","False","","False","Other ethnic group - Not stated","Person search"
"10-17","2026-06-20T19:20:00+00:00","Male","51.579078","Police and Criminal Evidence Act 1984 (section 1)","-0.553989","Offensive weapons","Asian","A no further action disposal","","False","","False","Other ethnic group - Not stated","Person search"
"10-17","2026-06-20T19:30:00+00:00","Male","51.579078","Police and Criminal Evidence Act 1984 (section 1)","-0.553989","Offensive weapons","Asian","A no further action disposal","","False","","False","Other ethnic group - Not stated","Person search"
"over 34","2026-06-20T20:09:00+00:00","Male","51.755147","Misuse of Drugs Act 1971 (section 23)","-1.261188","Controlled drugs","Black","A no further action disposal","","False","","False","Black/African/Caribbean/Black British - Caribbean","Person search"
"over 34","2026-06-20T20:10:00+00:00","Male","51.755147","Misuse of Drugs Act 1971 (section 23)","-1.261188","Controlled drugs","White","A no further action disposal","","False","","False","White - English/Welsh/Scottish/Northern Irish/British","Person search"
"10-17","2026-06-20T20:30:00+00:00","Male","51.814981","Police and Criminal Evidence Act 1984 (section 1)","-0.821741","Offensive weapons","White","A no further action disposal","","False","","False","White - English/Welsh/Scottish/Northern Irish/British","Person search"
"18-24","2026-06-20T21:50:00+00:00","Female","51.755288","Police and Criminal Evidence Act 1984 (section 1)","-1.269415","Offensive weapons","White","A no further action disposal","","False","","False","White - English/Welsh/Scottish/Northern Irish/British","Person search"
"25-34","2026-06-20T21:59:00+00:00","Male","51.514312","Police and Criminal Evidence Act 1984 (section 1)","-0.650076","Offensive weapons","White","A no further action disposal","","False","","False","White - Any other White background","Person search"
"","2026-06-20T22:06:00+00:00","Male","51.514312","Police and Criminal Evidence Act 1984 (section 1)","-0.650076","Offensive weapons","White","A no further action disposal","","False","","False","Other ethnic group - Not stated","Person search"
"18-24","2026-06-20T22:30:00+00:00","Male","51.629966","Misuse of Drugs Act 1971 (section 23)","-0.755043","Controlled drugs","White","A no further action disposal","","False","","False","Other ethnic group - Not stated","Person search"
"18-24","2026-06-20T22:30:00+00:00","Male","","Police and Criminal Evidence Act 1984 (section 1)","","Articles for use in criminal damage","Asian","Arrest","True","False","","False","Other ethnic group - Not stated","Person search"
"18-24","2026-06-20T22:40:00+00:00","Male","51.629087","Misuse of Drugs Act 1971 (section 23)","-0.755335","Controlled drugs","Asian","A no further action disposal","","False","","False","Other ethnic group - Not stated","Person search"
"25-34","2026-06-20T23:18:00+00:00","Male","52.040440","Police and Criminal Evidence Act 1984 (section 1)","-0.749687","Offensive weapons","White","A no further action disposal","","False","","False","White - English/Welsh/Scottish/Northern Irish/British","Person search"
"10-17","2026-06-20T23:35:00+00:00","Male","51.427690","Police and Criminal Evidence Act 1984 (section 1)","-0.923670","Offensive weapons","White","A no further action disposal","","False","","False","White - English/Welsh/Scottish/Northern Irish/British","Person search"
"25-34","2026-06-21T00:00:00+00:00","Male","51.482588","Misuse of Drugs Act 1971 (section 23)","-0.610026","Controlled drugs","Asian","A no further action disposal","","False","","False","Other ethnic group - Not stated","Person search"
"18-24","2026-06-21T00:30:00+00:00","Male","51.401358","Misuse of Drugs Act 1971 (section 23)","-1.322260","Controlled drugs","White","Community resolution","True","False","","False","White - English/Welsh/Scottish/Northern Irish/British","Person search"
"18-24","2026-06-21T00:30:00+00:00","Male","52.002593","Misuse of Drugs Act 1971 (section 23)","-0.655468","Controlled drugs","White","A no further action disposal","","False","","False","Other ethnic group - Not stated","Person search"
"18-24","2026-06-21T00:30:00+00:00","Male","51.671413","Police and Criminal Evidence Act 1984 (section 1)","-0.583213","Offensive weapons","Asian","A no further action disposal","","False","","False","Asian/Asian British - Any other Asian background","Person search"
"18-24","2026-06-21T00:45:00+00:00","Male","51.671413","Misuse of Drugs Act 1971 (section 23)","-0.583213","Controlled drugs","White","Community resolution","True","False","","False","White - Any other White background","Person search"
"18-24","2026-06-21T00:53:00+00:00","Male","51.629473","Misuse of Drugs Act 1971 (section 23)","-0.751033","Controlled drugs","White","A no further action disposal","","False","","False","White - English/Welsh/Scottish/Northern Irish/British","Person search"
"18-24","2026-06-21T02:45:00+00:00","Female","52.043347","Police and Criminal Evidence Act 1984 (section 1)","-0.749942","Stolen goods","White","A no further action disposal","","False","","False","White - English/Welsh/Scottish/Northern Irish/British","Person search"
"over 34","2026-06-21T05:30:00+00:00","Male","51.483698","Police and Criminal Evidence Act 1984 (section 1)","-0.651254","Stolen goods","Asian","A no further action disposal","","False","","False","Asian/Asian British - Indian","Person search"
"over 34","2026-06-21T05:58:00+00:00","Male","51.481010","Police and Criminal Evidence Act 1984 (section 1)","-0.612004","Offensive weapons","Black","A no further action disposal","","False","","False","Black/African/Caribbean/Black British - African","Person search"
"10-17","2026-06-21T08:30:00+00:00","Male","52.043867","Police and Criminal Evidence Act 1984 (section 1)","-0.757422","Stolen goods","White","A no further action disposal","","False","","False","White - English/Welsh/Scottish/Northern Irish/British","Person search"
"10-17","2026-06-21T08:30:00+00:00","Male","52.043867","Police and Criminal Evidence Act 1984 (section 1)","-0.757422","Stolen goods","White","A no further action disposal","","False","","False","White - English/Welsh/Scottish/Northern Irish/British","Person search"
"10-17","2026-06-21T08:30:00+00:00","Male","52.043867","Police and Criminal Evidence Act 1984 (section 1)","-0.757422","Stolen goods","White","A no further action disposal","","False","","False","White - English/Welsh/Scottish/Northern Irish/British","Person search"
"10-17","2026-06-21T08:30:00+00:00","Male","52.043867","Police and Criminal Evidence Act 1984 (section 1)","-0.757422","Stolen goods","Asian","A no further action disposal","","False","","False","Asian/Asian British - Any other Asian background","Person search"
"over 34","2026-06-21T08:50:00+00:00","Male","51.473475","Misuse of Drugs Act 1971 (section 23)","-0.638870","Controlled drugs","White","A no further action disposal","","False","","False","White - Any other White background","Person and Vehicle search"
"over 34","2026-06-21T10:16:00+00:00","Male","51.522092","Misuse of Drugs Act 1971 (section 23)","-0.723415","Controlled drugs","White","A no further action disposal","","False","","False","Other ethnic group - Not stated","Person search"
"10-17","2026-06-21T10:30:00+00:00","Male","51.518852","Misuse of Drugs Act 1971 (section 23)","-0.722295","Controlled drugs","White","A no further action disposal","","False","","False","White - English/Welsh/Scottish/Northern Irish/British","Person search"
"25-34","2026-06-21T11:00:00+00:00","Male","51.457324","Misuse of Drugs Act 1971 (section 23)","-0.970356","Controlled drugs","White","A no further action disposal","","False","","False","White - English/Welsh/Scottish/Northern Irish/British","Person search"
"over 34","2026-06-21T11:15:00+00:00","Male","51.457324","Misuse of Drugs Act 1971 (section 23)","-0.970356","Controlled drugs","White","A no further action disposal","","False","","False","White - English/Welsh/Scottish/Northern Irish/British","Person search"
"25-34","2026-06-21T15:37:00+00:00","Male","52.035551","Police and Criminal Evidence Act 1984 (section 1)","-0.798282","Offensive weapons","White","A no further action disposal","","False","","False","White - English/Welsh/Scottish/Northern Irish/British","Person search"
"over 34","2026-06-21T16:30:00+00:00","Male","","Police and Criminal Evidence Act 1984 (section 1)","","Stolen goods","White","A no further action disposal","","False","","False","White - English/Welsh/Scottish/Northern Irish/British","Person search"
"18-24","2026-06-21T17:49:00+00:00","Male","51.483876","Misuse of Drugs Act 1971 (section 23)","-1.084135","Controlled drugs","White","Community resolution","True","False","","False","White - English/Welsh/Scottish/Northern Irish/British","Person search"
"","2026-06-21T18:00:00+00:00","Male","51.415947","Misuse of Drugs Act 1971 (section 23)","-0.964728","Controlled drugs","Black","A no further action disposal","","False","","False","Black/African/Caribbean/Black British - Any other Black/African/Caribbean background","Person and Vehicle search"
"","2026-06-21T18:00:00+00:00","Male","51.415947","Misuse of Drugs Act 1971 (section 23)","-0.964728","Controlled drugs","Black","A no further action disposal","","False","","False","Black/African/Caribbean/Black British - Any other Black/African/Caribbean background","Person and Vehicle search"
"18-24","2026-06-21T18:41:00+00:00","Male","51.626209","Misuse of Drugs Act 1971 (section 23)","-0.788771","Controlled drugs","Asian","A no further action disposal","","False","","False","Other ethnic group - Not stated","Person and Vehicle search"
"18-24","2026-06-21T19:08:00+00:00","Male","51.772308","Misuse of Drugs Act 1971 (section 23)","-1.235357","Controlled drugs","Black","A no further action disposal","","False","","False","Other ethnic group - Any other ethnic group","Person search"
"10-17","2026-06-21T20:40:00+00:00","Male","","Police and Criminal Evidence Act 1984 (section 1)","","Offensive weapons","White","Arrest","True","False","","False","Other ethnic group - Not stated","Person search"
"18-24","2026-06-21T20:55:00+00:00","Male","","Misuse of Drugs Act 1971 (section 23)","","Controlled drugs","White","A no further action disposal","","False","","False","White - English/Welsh/Scottish/Northern Irish/British","Person search"
"18-24","2026-06-21T21:03:00+00:00","Male","51.749679","Misuse of Drugs Act 1971 (section 23)","-1.231552","Controlled drugs","White","Community resolution","True","False","","False","White - English/Welsh/Scottish/Northern Irish/British","Person search"
"18-24","2026-06-21T21:17:00+00:00","Male","","Misuse of Drugs Act 1971 (section 23)","","Controlled drugs","White","Community resolution","True","False","","False","White - English/Welsh/Scottish/Northern Irish/British","Person search"
"18-24","2026-06-21T22:16:00+00:00","Male","51.752576","Misuse of Drugs Act 1971 (section 23)","-1.227737","Controlled drugs","White","A no further action disposal","","False","","False","White - English/Welsh/Scottish/Northern Irish/British","Person search"
"18-24","2026-06-21T22:29:00+00:00","Male","51.752576","Misuse of Drugs Act 1971 (section 23)","-1.227737","Controlled drugs","Black","A no further action disposal","","False","","False","Black/African/Caribbean/Black British - African","Person search"
"18-24","2026-06-21T22:44:00+00:00","Male","51.752576","Misuse of Drugs Act 1971 (section 23)","-1.227737","Controlled drugs","White","A no further action disposal","","False","","False","White - English/Welsh/Scottish/Northern Irish/British","Person search"
"10-17","2026-06-21T23:36:00+00:00","Male","51.459707","Police and Criminal Evidence Act 1984 (section 1)","-1.006892","Offensive weapons","White","A no further action disposal","","False","","False","White - English/Welsh/Scottish/Northern Irish/British","Person search"
"over 34","2026-06-22T00:06:00+00:00","Male","51.799507","Police and Criminal Evidence Act 1984 (section 1)","-0.804002","Stolen goods","Asian","A no further action disposal","","False","","False","Other ethnic group - Not stated","Person search"
"25-34","2026-06-22T01:49:00+00:00","Male","51.394464","Misuse of Drugs Act 1971 (section 23)","-0.753864","Controlled drugs","White","Community resolution","True","False","","False","White - English/Welsh/Scottish/Northern Irish/British","Person search"
"","2026-06-22T01:49:00+00:00","Male","51.394464","Misuse of Drugs Act 1971 (section 23)","-0.753864","Controlled drugs","White","A no further action disposal","","False","","False","White - Any other White background","Person search"
"","2026-06-22T08:15:00+00:00","Male","","Police and Criminal Evidence Act 1984 (section 1)","","Article for use in theft","White","A no further action disposal","","False","","False","White - English/Welsh/Scottish/Northern Irish/British","Person search"
"over 34","2026-06-22T08:27:00+00:00","Male","52.034986","Police and Criminal Evidence Act 1984 (section 1)","-0.769695","Offensive weapons","White","A no further action disposal","","False","","False","Other ethnic group - Not stated","Person search"
"10-17","2026-06-22T09:15:00+00:00","Male","52.041183","Misuse of Drugs Act 1971 (section 23)","-0.819987","Controlled drugs","White","A no further action disposal","","False","","False","White - English/Welsh/Scottish/Northern Irish/British","Person search"
"over 34","2026-06-22T11:15:00+00:00","Male","51.765971","Misuse of Drugs Act 1971 (section 23)","-1.199207","Controlled drugs","White","A no further action disposal","","False","","False","White - English/Welsh/Scottish/Northern Irish/British","Person search"
"over 34","2026-06-22T11:32:00+00:00","Male","51.751688","Police and Criminal Evidence Act 1984 (section 1)","-1.258825","Article for use in theft","White","A no further action disposal","","False","","False","White - English/Welsh/Scottish/Northern Irish/British","Person search"
"10-17","2026-06-22T11:42:00+00:00","Male","52.044577","Misuse of Drugs Act 1971 (section 23)","-0.770307","Controlled drugs","White","Arrest","True","False","","True","White - English/Welsh/Scottish/Northern Irish/British","Person search"
"18-24","2026-06-22T12:50:00+00:00","Male","51.531987","Misuse of Drugs Act 1971 (section 23)","-0.631215","Controlled drugs","Asian","A no further action disposal","","False","","False","Other ethnic group - Not stated","Person search"
"18-24","2026-06-22T13:08:00+00:00","Male","51.632381","Police and Criminal Evidence Act 1984 (section 1)","-0.755606","Stolen goods","Black","A no further action disposal","","False","","False","Other ethnic group - Not stated","Person search"
"25-34","2026-06-22T13:10:00+00:00","Male","51.497624","Misuse of Drugs Act 1971 (section 23)","-0.604109","Controlled drugs","Black","A no further action disposal","","False","","False","Black/African/Caribbean/Black British - African","Person and Vehicle search"
"18-24","2026-06-22T13:10:00+00:00","Male","","Misuse of Drugs Act 1971 (section 23)","","Controlled drugs","Black","Arrest","True","False","","True","Black/African/Caribbean/Black British - Any other Black/African/Caribbean background","Person search"
"over 34","2026-06-22T13:22:00+00:00","Male","51.510907","Misuse of Drugs Act 1971 (section 23)","-0.590733","Controlled drugs","White","A no further action disposal","","False","","False","White - English/Welsh/Scottish/Northern Irish/British","Person search"
"over 34","2026-06-22T14:00:00+00:00","Female","51.508126","Misuse of Drugs Act 1971 (section 23)","-0.583052","Controlled drugs","Black","A no further action disposal","","False","","False","Other ethnic group - Not stated","Person search"
"over 34","2026-06-22T14:00:00+00:00","Female","51.506312","Misuse of Drugs Act 1971 (section 23)","-0.579564","Controlled drugs","White","A no further action disposal","","False","","False","Other ethnic group - Not stated","Person search"
"over 34","2026-06-22T14:25:00+00:00","Female","51.628820","Police and Criminal Evidence Act 1984 (section 1)","-0.749635","Stolen goods","White","A no further action disposal","","False","","False","White - English/Welsh/Scottish/Northern Irish/British","Person search"
"25-34","2026-06-22T15:48:00+00:00","Male","52.013950","Misuse of Drugs Act 1971 (section 23)","-0.735155","Controlled drugs","White","Community resolution","True","False","","False","Mixed/Multiple ethnic groups - White and Black Caribbean","Person search"
"18-24","2026-06-22T16:00:00+00:00","Male","51.749679","Misuse of Drugs Act 1971 (section 23)","-1.231552","Controlled drugs","White","Community resolution","True","False","","False","White - English/Welsh/Scottish/Northern Irish/British","Person search"
"over 34","2026-06-22T16:00:00+00:00","Female","51.454573","Misuse of Drugs Act 1971 (section 23)","-0.974534","Controlled drugs","White","A no further action disposal","","False","","False","Other ethnic group - Not stated","Person search"
"over 34","2026-06-22T16:00:00+00:00","Male","51.454573","Misuse of Drugs Act 1971 (section 23)","-0.974534","Controlled drugs","White","A no further action disposal","","False","","False","White - English/Welsh/Scottish/Northern Irish/British","Person search"
"10-17","2026-06-22T16:26:00+00:00","Male","51.531241","Misuse of Drugs Act 1971 (section 23)","-0.632737","Controlled drugs","White","A no further action disposal","","False","","False","Other ethnic group - Not stated","Person search"
"18-24","2026-06-22T17:20:00+00:00","Male","","Police and Criminal Evidence Act 1984 (section 1)","","Offensive weapons","White","A no further action disposal","","False","","False","White - English/Welsh/Scottish/Northern Irish/British","Person search"
"over 34","2026-06-22T17:21:00+00:00","Male","51.483636","Misuse of Drugs Act 1971 (section 23)","-1.077688","Controlled drugs","White","Community resolution","True","False","","False","White - English/Welsh/Scottish/Northern Irish/British","Person search"
"18-24","2026-06-22T18:40:00+00:00","Female","51.456567","Misuse of Drugs Act 1971 (section 23)","-0.966127","Controlled drugs","Asian","A no further action disposal","","False","","False","Asian/Asian British - Pakistani","Person search"
"18-24","2026-06-22T18:43:00+00:00","Female","51.457461","Misuse of Drugs Act 1971 (section 23)","-0.966524","Controlled drugs","Other","Community resolution","True","False","","False","Mixed/Multiple ethnic groups - Any other Mixed/Multiple ethnic background","Person search"
"10-17","2026-06-22T18:45:00+00:00","Male","51.478254","Police and Criminal Evidence Act 1984 (section 1)","-0.865817","Stolen goods","White","A no further action disposal","","False","","False","White - English/Welsh/Scottish/Northern Irish/British","Person search"
"18-24","2026-06-22T19:05:00+00:00","Female","51.457461","Misuse of Drugs Act 1971 (section 23)","-0.966524","Controlled drugs","Asian","A no further action disposal","","False","","False","Other ethnic group - Not stated","Person search"
"18-24","2026-06-22T19:06:00+00:00","Male","51.456567","Misuse of Drugs Act 1971 (section 23)","-0.966127","Controlled drugs","Other","A no further action disposal","","False","","False","Other ethnic group - Any other ethnic group","Person search"
"over 34","2026-06-22T20:17:00+00:00","Male","51.777054","Misuse of Drugs Act 1971 (section 23)","-1.264889","Controlled drugs","Asian","A no further action disposal","","False","","False","Other ethnic group - Not stated","Person search"
"18-24","2026-06-22T22:17:00+00:00","Male","51.815785","Police and Criminal Evidence Act 1984 (section 1)","-1.281783","Offensive weapons","Asian","Arrest","True","False","","False","Asian/Asian British - Indian","Person and Vehicle search"
"25-34","2026-06-22T22:35:00+00:00","Male","51.657610","Misuse of Drugs Act 1971 (section 23)","-1.287582","Controlled drugs","White","Community resolution","True","False","","False","White - English/Welsh/Scottish/Northern Irish/British","Person search"
"18-24","2026-06-22T22:35:00+00:00","Female","51.379761","Misuse of Drugs Act 1971 (section 23)","-0.857979","Controlled drugs","White","Arrest","True","False","","False","White - English/Welsh/Scottish/Northern Irish/British","Person and Vehicle search"
"25-34","2026-06-23T00:20:00+00:00","Other","52.061796","Police and Criminal Evidence Act 1984 (section 1)","-1.351653","Offensive weapons","Asian","A no further action disposal","","False","","False","Other ethnic group - Not stated","Person search"
"over 34","2026-06-23T07:40:00+00:00","Male","51.508990","Police and Criminal Evidence Act 1984 (section 1)","-0.594236","Stolen goods","Asian","A no further action disposal","","False","","False","Asian/Asian British - Indian","Person search"
"","2026-06-23T08:05:00+00:00","","51.738817","Police and Criminal Evidence Act 1984 (section 1)","-1.099730","Stolen goods","","","","False","","","","Vehicle search"
"25-34","2026-06-23T10:25:00+00:00","Male","51.752057","Police and Criminal Evidence Act 1984 (section 1)","-1.257399","Stolen goods","White","Arrest","True","False","","False","White - English/Welsh/Scottish/Northern Irish/British","Person search"
"over 34","2026-06-23T10:30:00+00:00","Male","51.752127","Police and Criminal Evidence Act 1984 (section 1)","-1.260064","Offensive weapons","White","Arrest","True","False","","False","Other ethnic group - Not stated","Person search"
"over 34","2026-06-23T10:50:00+00:00","Male","51.752023","Misuse of Drugs Act 1971 (section 23)","-1.238075","Controlled drugs","Black","A no further action disposal","","False","","False","Other ethnic group - Not stated","Person and Vehicle search"
"18-24","2026-06-23T10:50:00+00:00","Male","51.752293","Misuse of Drugs Act 1971 (section 23)","-1.238114","Controlled drugs","Black","A no further action disposal","","False","","False","Mixed/Multiple ethnic groups - Any other Mixed/Multiple ethnic background","Person and Vehicle search"
"","2026-06-23T11:21:00+00:00","","51.502562","Misuse of Drugs Act 1971 (section 23)","-0.564019","Controlled drugs","","","","False","","","","Vehicle search"
"18-24","2026-06-23T11:54:00+00:00","Male","51.818729","Misuse of Drugs Act 1971 (section 23)","-0.817145","Controlled drugs","Asian","A no further action disposal","","False","","False","Asian/Asian British - Pakistani","Person and Vehicle search"
"18-24","2026-06-23T11:56:00+00:00","Male","51.818729","Misuse of Drugs Act 1971 (section 23)","-0.817145","Controlled drugs","Asian","A no further action disposal","","False","","False","Asian/Asian British - Pakistani","Person search"
"over 34","2026-06-23T12:05:00+00:00","Female","51.526215","Misuse of Drugs Act 1971 (section 23)","-0.608309","Controlled drugs","White","Community resolution","True","False","","False","White - English/Welsh/Scottish/Northern Irish/British","Person search"
"10-17","2026-06-23T12:15:00+00:00","Male","51.526215","Misuse of Drugs Act 1971 (section 23)","-0.608309","Controlled drugs","Asian","A no further action disposal","","False","","True","Asian/Asian British - Pakistani","Person search"
"18-24","2026-06-23T13:30:00+00:00","Male","51.502958","Misuse of Drugs Act 1971 (section 23)","-0.586238","Controlled drugs","Asian","Community resolution","True","False","","False","Asian/Asian British - Pakistani","Person and Vehicle search"
"over 34","2026-06-23T15:37:00+00:00","Male","52.035382","Misuse of Drugs Act 1971 (section 23)","-0.772250","Controlled drugs","White","Arrest","True","False","","False","White - English/Welsh/Scottish/Northern Irish/British","Person search"
"over 34","2026-06-23T16:07:00+00:00","Male","51.726243","Police and Criminal Evidence Act 1984 (section 1)","-1.226824","Stolen goods","White","A no further action disposal","","False","","False","Other ethnic group - Not stated","Person search"
"18-24","2026-06-23T16:16:00+00:00","Male","51.626965","Misuse of Drugs Act 1971 (section 23)","-0.780126","Controlled drugs","Asian","A no further action disposal","","False","","True","Asian/Asian British - Pakistani","Person and Vehicle search"
"18-24","2026-06-23T17:20:00+00:00","Male","51.420442","Misuse of Drugs Act 1971 (section 23)","-0.838360","Controlled drugs","Black","Community resolution","True","False","","False","Other ethnic group - Not stated","Person search"
"18-24","2026-06-23T17:30:00+00:00","Male","51.512734","Misuse of Drugs Act 1971 (section 23)","-0.637297","Controlled drugs","White","A no further action disposal","","True","","False","Black/African/Caribbean/Black British - African","Person search"
"25-34","2026-06-23T19:10:00+00:00","Male","51.483474","Misuse of Drugs Act 1971 (section 23)","-0.583413","Controlled drugs","White","Community resolution","True","False","","False","White - English/Welsh/Scottish/Northern Irish/British","Person search"
"over 34","2026-06-23T19:45:00+00:00","Male","51.415957","Police and Criminal Evidence Act 1984 (section 1)","-1.515741","Stolen goods","White","Community resolution","True","False","","False","Asian/Asian British - Indian","Person search"
"25-34","2026-06-23T19:57:00+00:00","Male","51.483474","Misuse of Drugs Act 1971 (section 23)","-0.583413","Controlled drugs","White","Community resolution","True","False","","False","White - English/Welsh/Scottish/Northern Irish/British","Person search"
"18-24","2026-06-23T23:59:00+00:00","Male","51.475512","Misuse of Drugs Act 1971 (section 23)","-0.626181","Controlled drugs","White","A no further action disposal","","False","","False","Other ethnic group - Not stated","Person search"
"25-34","2026-06-24T00:30:00+00:00","Male","52.061796","Police and Criminal Evidence Act 1984 (section 1)","-1.351653","Offensive weapons","Asian","A no further action disposal","","False","","False","Asian/Asian British - Pakistani","Person search"
"over 34","2026-06-24T01:51:00+00:00","Male","51.825864","Misuse of Drugs Act 1971 (section 23)","-0.804320","Controlled drugs","Asian","A no further action disposal","","False","","False","Other ethnic group - Not stated","Person search"
"over 34","2026-06-24T03:20:00+00:00","Male","51.456889","Police and Criminal Evidence Act 1984 (section 1)","-0.971071","Article for use in theft","White","A no further action disposal","","False","","False","White - English/Welsh/Scottish/Northern Irish/British","Person search"
"over 34","2026-06-24T03:23:00+00:00","Male","51.420369","Police and Criminal Evidence Act 1984 (section 1)","-0.974652","Article for use in theft","White","A no further action disposal","","False","","False","White - English/Welsh/Scottish/Northern Irish/British","Person search"
"25-34","2026-06-24T09:00:00+00:00","Male","51.402907","Misuse of Drugs Act 1971 (section 23)","-1.257402","Controlled drugs","White","A no further action disposal","","False","","False","White - English/Welsh/Scottish/Northern Irish/British","Person search"
"10-17","2026-06-24T11:30:00+00:00","Male","51.458597","Misuse of Drugs Act 1971 (section 23)","-0.999028","Controlled drugs","White","Arrest","True","False","","False","White - English/Welsh/Scottish/Northern Irish/British","Person search"
"","2026-06-24T11:32:00+00:00","Male","51.531321","Misuse of Drugs Act 1971 (section 23)","-0.630047","Controlled drugs","Black","Community resolution","True","False","","False","Other ethnic group - Not stated","Person and Vehicle search"
"25-34","2026-06-24T12:00:00+00:00","Female","51.616658","Misuse of Drugs Act 1971 (section 23)","-0.711736","Controlled drugs","Black","A no further action disposal","","False","","False","Other ethnic group - Not stated","Person and Vehicle search"
"over 34","2026-06-24T12:30:00+00:00","Male","51.533046","Misuse of Drugs Act 1971 (section 23)","-0.627821","Controlled drugs","Asian","Summons / charged by post","True","False","","False","Asian/Asian British - Pakistani","Person and Vehicle search"
"over 34","2026-06-24T13:00:00+00:00","Female","51.533813","Police and Criminal Evidence Act 1984 (section 1)","-0.658539","Stolen goods","White","Summons / charged by post","True","False","","False","White - English/Welsh/Scottish/Northern Irish/British","Person search"
"25-34","2026-06-24T13:10:00+00:00","Female","51.533813","Police and Criminal Evidence Act 1984 (section 1)","-0.658539","Stolen goods","White","Community resolution","True","False","","False","White - English/Welsh/Scottish/Northern Irish/British","Person search"
"18-24","2026-06-24T13:30:00+00:00","Female","51.507981","Misuse of Drugs Act 1971 (section 23)","-0.592668","Controlled drugs","Asian","A no further action disposal","","False","","False","Other ethnic group - Not stated","Person and Vehicle search"
"18-24","2026-06-24T14:50:00+00:00","Male","51.457461","Misuse of Drugs Act 1971 (section 23)","-0.966524","Controlled drugs","White","A no further action disposal","","False","","False","White - English/Welsh/Scottish/Northern Irish/British","Person search"
"over 34","2026-06-24T14:50:00+00:00","Male","51.457461","Misuse of Drugs Act 1971 (section 23)","-0.966524","Controlled drugs","Black","A no further action disposal","","False","","False","Mixed/Multiple ethnic groups - White and Black Caribbean","Person search"
"over 34","2026-06-24T15:00:00+00:00","Male","51.801978","Police and Criminal Evidence Act 1984 (section 1)","-0.822400","Stolen goods","White","Penalty Notice for Disorder","True","False","","False","Mixed/Multiple ethnic groups - Any other Mixed/Multiple ethnic background","Person search"
"25-34","2026-06-24T16:00:00+00:00","Male","51.801978","Police and Criminal Evidence Act 1984 (section 1)","-0.822400","Stolen goods","White","Penalty Notice for Disorder","True","False","","False","White - English/Welsh/Scottish/Northern Irish/British","Person search"
"25-34","2026-06-24T16:07:00+00:00","Male","51.801978","Police and Criminal Evidence Act 1984 (section 1)","-0.822400","Stolen goods","Black","Penalty Notice for Disorder","True","False","","False","Mixed/Multiple ethnic groups - White and Black Caribbean","Person search"
"","2026-06-24T16:15:00+00:00","Male","51.989179","Misuse of Drugs Act 1971 (section 23)","-0.725120","Controlled drugs","Black","A no further action disposal","","False","","False","Other ethnic group - Not stated","Person and Vehicle search"
"10-17","2026-06-24T16:36:00+00:00","Male","51.898213","Police and Criminal Evidence Act 1984 (section 1)","-1.152953","Stolen goods","White","A no further action disposal","","False","","False","White - English/Welsh/Scottish/Northern Irish/British","Person search"
"","2026-06-24T16:37:00+00:00","Male","51.801978","Police and Criminal Evidence Act 1984 (section 1)","-0.822400","Stolen goods","Asian","A no further action disposal","","False","","False","Other ethnic group - Not stated","Person search"
"","2026-06-24T16:40:00+00:00","Male","51.801674","Police and Criminal Evidence Act 1984 (section 1)","-0.823610","Stolen goods","Asian","A no further action disposal","","False","","False","Other ethnic group - Not stated","Person search"
"25-34","2026-06-24T17:15:00+00:00","Male","51.523146","Misuse of Drugs Act 1971 (section 23)","-0.603588","Controlled drugs","White","Community resolution","True","True","","False","Asian/Asian British - Indian","Person search"
"25-34","2026-06-24T17:45:00+00:00","Male","51.567634","Misuse of Drugs Act 1971 (section 23)","-0.774688","Controlled drugs","White","Community resolution","True","False","","False","White - Any other White background","Person search"
"18-24","2026-06-24T18:30:00+00:00","Male","51.517250","Police and Criminal Evidence Act 1984 (section 1)","-0.600742","Offensive weapons","Asian","A no further action disposal","","False","","False","Asian/Asian British - Indian","Person and Vehicle search"
"18-24","2026-06-24T18:40:00+00:00","Male","51.514488","Police and Criminal Evidence Act 1984 (section 1)","-0.601374","Offensive weapons","Asian","A no further action disposal","","False","","False","Asian/Asian British - Indian","Person and Vehicle search"
"18-24","2026-06-24T21:50:00+00:00","Male","51.482537","Misuse of Drugs Act 1971 (section 23)","-0.615615","Controlled drugs","Black","Community resolution","True","False","","False","Mixed/Multiple ethnic groups - White and Black African","Person search"
"over 34","2026-06-24T22:10:00+00:00","Male","51.475299","Misuse of Drugs Act 1971 (section 23)","-0.621018","Controlled drugs","Asian","A no further action disposal","","False","","False","Asian/Asian British - Indian","Person search"
"18-24","2026-06-24T22:55:00+00:00","Male","51.428485","Misuse of Drugs Act 1971 (section 23)","-0.945786","Controlled drugs","Black","A no further action disposal","","False","","False","Black/African/Caribbean/Black British - African","Person search"
"25-34","2026-06-25T00:15:00+00:00","Male","51.832699","Police and Criminal Evidence Act 1984 (section 1)","-0.819551","Offensive weapons","White","Arrest","True","False","","False","White - English/Welsh/Scottish/Northern Irish/British","Person search"
"","2026-06-25T08:45:00+00:00","","52.025686","Police and Criminal Evidence Act 1984 (section 1)","-1.065926","Stolen goods","","","","False","","","","Vehicle search"
"over 34","2026-06-25T09:00:00+00:00","Female","51.747723","Police and Criminal Evidence Act 1984 (section 1)","-1.234932","Stolen goods","White","A no further action disposal","","False","","False","White - English/Welsh/Scottish/Northern Irish/British","Person search"
"25-34","2026-06-25T10:06:00+00:00","Male","51.524968","Police and Criminal Evidence Act 1984 (section 1)","-0.615453","Offensive weapons","Asian","A no further action disposal","","False","","False","Other ethnic group - Not stated","Person search"
"10-17","2026-06-25T10:45:00+00:00","Male","51.403610","Police and Criminal Evidence Act 1984 (section 1)","-1.324541","Stolen goods","White","Community resolution","True","False","","False","White - English/Welsh/Scottish/Northern Irish/British","Person search"
"10-17","2026-06-25T13:45:00+00:00","Male","51.401657","Police and Criminal Evidence Act 1984 (section 1)","-1.324254","Stolen goods","White","A no further action disposal","","False","","False","White - English/Welsh/Scottish/Northern Irish/British","Person search"
"25-34","2026-06-25T16:00:00+00:00","Male","51.407409","Misuse of Drugs Act 1971 (section 23)","-1.277112","Controlled drugs","White","Community resolution","True","False","","True","White - English/Welsh/Scottish/Northern Irish/British","Person search"
"25-34","2026-06-25T20:50:00+00:00","Male","52.041456","Misuse of Drugs Act 1971 (section 23)","-0.766689","Controlled drugs","Asian","Arrest","True","False","","False","Asian/Asian British - Any other Asian background","Person and Vehicle search"
"18-24","2026-06-25T21:16:00+00:00","Male","51.397857","Misuse of Drugs Act 1971 (section 23)","-1.327932","Controlled drugs","White","Arrest","True","False","","False","Other ethnic group - Any other ethnic group","Person and Vehicle search"
"over 34","2026-06-25T21:55:00+00:00","Male","51.622392","Police and Criminal Evidence Act 1984 (section 1)","-1.416564","Stolen goods","White","A no further action disposal","","False","","False","White - English/Welsh/Scottish/Northern Irish/British","Person and Vehicle search"
"25-34","2026-06-25T22:58:00+00:00","Male","51.428264","Misuse of Drugs Act 1971 (section 23)","-0.947275","Controlled drugs","Black","A no further action disposal","","False","","False","Other ethnic group - Any other ethnic group","Person search"
"18-24","2026-06-25T23:15:00+00:00","Female","51.615426","Police and Criminal Evidence Act 1984 (section 1)","-1.413404","Offensive weapons","White","A no further action disposal","","False","","False","White - English/Welsh/Scottish/Northern Irish/British","Person search"
"over 34","2026-06-26T02:00:00+00:00","Male","51.598345","Misuse of Drugs Act 1971 (section 23)","-0.629438","Controlled drugs","Asian","Arrest","True","False","","False","Asian/Asian British - Pakistani","Person and Vehicle search"
"18-24","2026-06-26T03:32:00+00:00","Male","51.805226","Misuse of Drugs Act 1971 (section 23)","-0.820907","Controlled drugs","White","A no further action disposal","","False","","False","White - English/Welsh/Scottish/Northern Irish/British","Person search"
"18-24","2026-06-26T03:50:00+00:00","Male","51.517504","Misuse of Drugs Act 1971 (section 23)","-0.607032","Controlled drugs","Asian","Community resolution","True","False","","False","Other ethnic group - Not stated","Person search"
"25-34","2026-06-26T08:00:00+00:00","Male","","Misuse of Drugs Act 1971 (section 23)","","Controlled drugs","White","A no further action disposal","","False","","False","White - English/Welsh/Scottish/Northern Irish/British","Person search"
"over 34","2026-06-26T08:18:00+00:00","Female","51.716391","Misuse of Drugs Act 1971 (section 23)","-1.196276","Controlled drugs","White","A no further action disposal","","False","","False","White - English/Welsh/Scottish/Northern Irish/British","Person search"
"over 34","2026-06-26T10:00:00+00:00","Male","","Misuse of Drugs Act 1971 (section 23)","","Controlled drugs","White","A no further action disposal","","False","","False","White - English/Welsh/Scottish/Northern Irish/British","Person search"
"25-34","2026-06-26T11:55:00+00:00","Male","52.041078","Police and Criminal Evidence Act 1984 (section 1)","-0.757237","Offensive weapons","White","A no further action disposal","","False","","False","White - English/Welsh/Scottish/Northern Irish/British","Person search"
"25-34","2026-06-26T12:00:00+00:00","Male","51.611973","Misuse of Drugs Act 1971 (section 23)","-1.417045","Controlled drugs","White","Arrest","True","False","","False","Other ethnic group - Any other ethnic group","Person and Vehicle search"
"18-24","2026-06-26T12:06:00+00:00","Male","51.483995","Firearms Act 1968 (section 47)","-0.625513","Firearms","Asian","A no further action disposal","","False","","False","Asian/Asian British - Pakistani","Person search"
"over 34","2026-06-26T13:13:00+00:00","Male","51.510269","Misuse of Drugs Act 1971 (section 23)","-0.575103","Controlled drugs","White","A no further action disposal","","False","","False","White - Any other White background","Person search"
"18-24","2026-06-26T15:00:00+00:00","Male","","Police and Criminal Evidence Act 1984 (section 1)","","Offensive weapons","Black","A no further action disposal","","False","","False","Other ethnic group - Not stated","Person search"
"25-34","2026-06-26T15:45:00+00:00","Male","51.512073","Misuse of Drugs Act 1971 (section 23)","-0.613885","Controlled drugs","Asian","A no further action disposal","","False","","False","Asian/Asian British - Pakistani","Person and Vehicle search"
"over 34","2026-06-26T17:00:00+00:00","Male","51.756813","Police and Criminal Evidence Act 1984 (section 1)","-1.260219","Offensive weapons","White","A no further action disposal","","False","","False","White - English/Welsh/Scottish/Northern Irish/British","Person search"
"18-24","2026-06-26T17:15:00+00:00","Male","51.512734","Misuse of Drugs Act 1971 (section 23)","-0.637297","Controlled drugs","White","A no further action disposal","","False","","False","Other ethnic group - Not stated","Person search"
"10-17","2026-06-26T17:50:00+00:00","Male","51.757514","Police and Criminal Evidence Act 1984 (section 1)","-1.594420","Stolen goods","Black","A no further action disposal","","False","","False","Black/African/Caribbean/Black British - Any other Black/African/Caribbean background","Person search"
"10-17","2026-06-26T17:50:00+00:00","Male","51.757514","Police and Criminal Evidence Act 1984 (section 1)","-1.594420","Stolen goods","White","A no further action disposal","","False","","False","White - English/Welsh/Scottish/Northern Irish/British","Person search"
"18-24","2026-06-26T17:58:00+00:00","Male","","Misuse of Drugs Act 1971 (section 23)","","Controlled drugs","Black","Arrest","True","False","","False","Mixed/Multiple ethnic groups - White and Black Caribbean","Person and Vehicle search"
"10-17","2026-06-26T18:00:00+00:00","Male","51.510090","Police and Criminal Evidence Act 1984 (section 1)","-0.582646","Offensive weapons","Asian","A no further action disposal","","False","","False","Asian/Asian British - Pakistani","Person search"
"over 34","2026-06-26T18:17:00+00:00","Male","51.510056","Police and Criminal Evidence Act 1984 (section 1)","-0.589463","Stolen goods","Black","A no further action disposal","","False","","False","Black/African/Caribbean/Black British - African","Person search"
"10-17","2026-06-26T20:10:00+00:00","Male","51.753592","Police and Criminal Evidence Act 1984 (section 1)","-1.261286","Offensive weapons","Asian","A no further action disposal","","False","","False","White - Any other White background","Person search"
"10-17","2026-06-26T20:10:00+00:00","Male","51.632963","Misuse of Drugs Act 1971 (section 23)","-0.769894","Controlled drugs","Asian","A no further action disposal","","False","","False","Other ethnic group - Not stated","Person search"
"18-24","2026-06-26T20:45:00+00:00","Female","51.749532","Misuse of Drugs Act 1971 (section 23)","-1.200034","Controlled drugs","White","A no further action disposal","","False","","False","White - English/Welsh/Scottish/Northern Irish/British","Person search"
"18-24","2026-06-26T20:48:00+00:00","Male","52.003677","Police and Criminal Evidence Act 1984 (section 1)","-0.683014","Article for use in theft","Black","A no further action disposal","","False","","False","Other ethnic group - Not stated","Person search"
"18-24","2026-06-26T21:05:00+00:00","Male","51.749532","Misuse of Drugs Act 1971 (section 23)","-1.200034","Controlled drugs","White","A no further action disposal","","False","","False","White - English/Welsh/Scottish/Northern Irish/British","Person search"
"18-24","2026-06-26T21:05:00+00:00","Male","51.749532","Misuse of Drugs Act 1971 (section 23)","-1.200034","Controlled drugs","Black","Penalty Notice for Disorder","True","False","","False","Mixed/Multiple ethnic groups - Any other Mixed/Multiple ethnic background","Person search"
"18-24","2026-06-26T21:10:00+00:00","Male","51.749532","Misuse of Drugs Act 1971 (section 23)","-1.200034","Controlled drugs","White","Community resolution","True","False","","False","White - English/Welsh/Scottish/Northern Irish/British","Person search"
"18-24","2026-06-26T22:50:00+00:00","Male","51.567356","Misuse of Drugs Act 1971 (section 23)","-0.778492","Controlled drugs","White","Community resolution","True","False","","False","White - English/Welsh/Scottish/Northern Irish/British","Person search"
"18-24","2026-06-26T23:00:00+00:00","Male","51.563240","Misuse of Drugs Act 1971 (section 23)","-0.774921","Controlled drugs","White","A no further action disposal","","False","","False","White - English/Welsh/Scottish/Northern Irish/British","Person search"
"","2026-06-26T23:39:00+00:00","Male","52.057287","Misuse of Drugs Act 1971 (section 23)","-0.851957","Controlled drugs","White","A no further action disposal","","False","","False","Other ethnic group - Not stated","Person search"
"18-24","2026-06-27T00:00:00+00:00","Male","51.458144","Misuse of Drugs Act 1971 (section 23)","-1.004983","Controlled drugs","Other","Community resolution","True","False","","False","Other ethnic group - Arab","Person search"
"18-24","2026-06-27T00:00:00+00:00","Male","51.455176","Misuse of Drugs Act 1971 (section 23)","-0.991173","Controlled drugs","Other","A no further action disposal","","False","","False","Other ethnic group - Arab","Person search"
"18-24","2026-06-27T00:24:00+00:00","Male","51.720631","Police and Criminal Evidence Act 1984 (section 1)","-1.646792","Offensive weapons","White","A no further action disposal","","False","","False","White - English/Welsh/Scottish/Northern Irish/British","Person search"
"18-24","2026-06-27T00:28:00+00:00","Male","51.997738","Misuse of Drugs Act 1971 (section 23)","-0.990226","Controlled drugs","White","A no further action disposal","","False","","False","White - English/Welsh/Scottish/Northern Irish/British","Person search"
"18-24","2026-06-27T00:30:00+00:00","Male","51.997738","Misuse of Drugs Act 1971 (section 23)","-0.990226","Controlled drugs","White","A no further action disposal","","False","","False","White - English/Welsh/Scottish/Northern Irish/British","Person search"
"18-24","2026-06-27T00:30:00+00:00","Male","51.997738","Misuse of Drugs Act 1971 (section 23)","-0.990226","Controlled drugs","White","Arrest","True","False","","False","Other ethnic group - Not stated","Person and Vehicle search"
"over 34","2026-06-27T01:20:00+00:00","Male","51.456740","Police and Criminal Evidence Act 1984 (section 1)","-0.973507","Offensive weapons","White","A no further action disposal","","False","","False","Other ethnic group - Not stated","Person search"
"25-34","2026-06-27T01:45:00+00:00","Male","","Misuse of Drugs Act 1971 (section 23)","","Controlled drugs","Asian","Community resolution","True","False","","False","Asian/Asian British - Indian","Person and Vehicle search"
"10-17","2026-06-27T03:00:00+00:00","Female","52.024614","Police and Criminal Evidence Act 1984 (section 1)","-0.786464","Offensive weapons","White","A no further action disposal","","False","","False","White - English/Welsh/Scottish/Northern Irish/British","Person search"
"10-17","2026-06-27T03:05:00+00:00","Male","52.023841","Police and Criminal Evidence Act 1984 (section 1)","-0.788263","Offensive weapons","White","Arrest","True","False","","False","White - English/Welsh/Scottish/Northern Irish/British","Person search"
"18-24","2026-06-27T05:24:00+00:00","Female","51.805226","Misuse of Drugs Act 1971 (section 23)","-0.820907","Controlled drugs","White","A no further action disposal","","False","","False","White - English/Welsh/Scottish/Northern Irish/British","Person search"
"over 34","2026-06-27T07:40:00+00:00","Female","51.749533","Misuse of Drugs Act 1971 (section 23)","-1.259208","Controlled drugs","White","A no further action disposal","","False","","False","White - Any other White background","Person search"
"over 34","2026-06-27T13:36:00+00:00","Male","51.767339","Misuse of Drugs Act 1971 (section 23)","-1.195415","Controlled drugs","White","A no further action disposal","","False","","False","White - English/Welsh/Scottish/Northern Irish/British","Person search"
"25-34","2026-06-27T14:07:00+00:00","Female","51.754852","Police and Criminal Evidence Act 1984 (section 1)","-1.258686","Offensive weapons","White","A no further action disposal","","False","","False","White - English/Welsh/Scottish/Northern Irish/British","Person search"
"18-24","2026-06-27T14:22:00+00:00","Male","51.819104","Police and Criminal Evidence Act 1984 (section 1)","-0.814248","Offensive weapons","White","A no further action disposal","","False","","False","White - English/Welsh/Scottish/Northern Irish/British","Person search"
"18-24","2026-06-27T14:28:00+00:00","Male","51.818487","Police and Criminal Evidence Act 1984 (section 1)","-0.813684","Offensive weapons","White","A no further action disposal","","False","","False","White - English/Welsh/Scottish/Northern Irish/British","Person search"
"","2026-06-27T14:33:00+00:00","Male","51.819104","Police and Criminal Evidence Act 1984 (section 1)","-0.814248","Offensive weapons","Black","A no further action disposal","","False","","False","Other ethnic group - Not stated","Person search"
"over 34","2026-06-27T14:35:00+00:00","Male","51.819104","Police and Criminal Evidence Act 1984 (section 1)","-0.814248","Offensive weapons","White","A no further action disposal","","False","","False","White - Irish","Person search"
"10-17","2026-06-27T14:35:00+00:00","Female","51.994691","Police and Criminal Evidence Act 1984 (section 1)","-0.734285","Offensive weapons","White","A no further action disposal","","False","","False","White - English/Welsh/Scottish/Northern Irish/British","Person search"
"10-17","2026-06-27T14:36:00+00:00","Male","51.994691","Police and Criminal Evidence Act 1984 (section 1)","-0.734285","Offensive weapons","White","A no further action disposal","","False","","False","White - English/Welsh/Scottish/Northern Irish/British","Person search"
"10-17","2026-06-27T14:36:00+00:00","Male","51.994691","Police and Criminal Evidence Act 1984 (section 1)","-0.734285","Offensive weapons","White","A no further action disposal","","False","","False","White - English/Welsh/Scottish/Northern Irish/British","Person search"
"10-17","2026-06-27T16:22:00+00:00","Male","51.457964","Police and Criminal Evidence Act 1984 (section 1)","-0.973724","Offensive weapons","Other","Arrest","True","False","","False","White - English/Welsh/Scottish/Northern Irish/British","Person search"
"25-34","2026-06-27T16:40:00+00:00","Male","51.763731","Police and Criminal Evidence Act 1984 (section 1)","-1.220388","Offensive weapons","Black","A no further action disposal","","False","","False","Black/African/Caribbean/Black British - Caribbean","Person search"
"","2026-06-27T17:05:00+00:00","Female","51.484531","Police and Criminal Evidence Act 1984 (section 1)","-0.608628","Stolen goods","Asian","A no further action disposal","","False","","False","Other ethnic group - Not stated","Person and Vehicle search"
"25-34","2026-06-27T17:14:00+00:00","Male","51.751768","Police and Criminal Evidence Act 1984 (section 1)","-1.267212","Offensive weapons","Asian","A no further action disposal","","False","","False","Other ethnic group - Not stated","Person search"
"10-17","2026-06-27T17:18:00+00:00","Male","51.605259","Misuse of Drugs Act 1971 (section 23)","-0.564637","Controlled drugs","White","Community resolution","True","False","","False","White - English/Welsh/Scottish/Northern Irish/British","Person search"
"10-17","2026-06-27T17:52:00+00:00","Male","51.605259","Misuse of Drugs Act 1971 (section 23)","-0.564637","Controlled drugs","White","A no further action disposal","","False","","False","White - Any other White background","Person search"
"10-17","2026-06-27T17:52:00+00:00","Male","51.605259","Misuse of Drugs Act 1971 (section 23)","-0.564637","Controlled drugs","White","Community resolution","True","False","","False","White - English/Welsh/Scottish/Northern Irish/British","Person search"
"10-17","2026-06-27T17:54:00+00:00","Male","51.605259","Misuse of Drugs Act 1971 (section 23)","-0.564637","Controlled drugs","White","Community resolution","True","False","","False","White - English/Welsh/Scottish/Northern Irish/British","Person search"
"25-34","2026-06-27T18:00:00+00:00","Male","51.752964","Police and Criminal Evidence Act 1984 (section 1)","-1.258674","Stolen goods","Black","Arrest","True","False","","False","Mixed/Multiple ethnic groups - Any other Mixed/Multiple ethnic background","Person search"
"10-17","2026-06-27T18:00:00+00:00","Male","51.512734","Misuse of Drugs Act 1971 (section 23)","-0.637297","Controlled drugs","White","Community resolution","True","False","","False","Asian/Asian British - Pakistani","Person search"
"10-17","2026-06-27T18:13:00+00:00","Male","51.605259","Misuse of Drugs Act 1971 (section 23)","-0.564637","Controlled drugs","White","A no further action disposal","","False","","False","White - Any other White background","Person search"
"18-24","2026-06-27T18:20:00+00:00","Male","51.514148","Misuse of Drugs Act 1971 (section 23)","-0.639042","Controlled drugs","Asian","A no further action disposal","","False","","False","Mixed/Multiple ethnic groups - Any other Mixed/Multiple ethnic background","Person search"
"18-24","2026-06-27T19:00:00+00:00","Male","51.387629","Misuse of Drugs Act 1971 (section 23)","-1.316384","Controlled drugs","Black","A no further action disposal","","False","","False","Other ethnic group - Not stated","Person search"
"over 34","2026-06-27T19:23:00+00:00","Male","51.416156","Police and Criminal Evidence Act 1984 (section 1)","-0.751180","Offensive weapons","White","Arrest","True","False","","False","Mixed/Multiple ethnic groups - Any other Mixed/Multiple ethnic background","Person search"
"18-24","2026-06-27T19:28:00+00:00","Male","51.508450","Misuse of Drugs Act 1971 (section 23)","-0.632309","Controlled drugs","White","A no further action disposal","","False","","False","Other ethnic group - Not stated","Person search"
"10-17","2026-06-27T19:30:00+00:00","Male","51.507952","Misuse of Drugs Act 1971 (section 23)","-0.631243","Controlled drugs","White","A no further action disposal","","False","","False","Mixed/Multiple ethnic groups - White and Black African","Person search"
"25-34","2026-06-27T19:55:00+00:00","Male","51.950011","Misuse of Drugs Act 1971 (section 23)","-1.198600","Controlled drugs","White","Community resolution","True","False","","False","White - English/Welsh/Scottish/Northern Irish/British","Person and Vehicle search"
"18-24","2026-06-27T20:05:00+00:00","Male","51.507079","Misuse of Drugs Act 1971 (section 23)","-0.631976","Controlled drugs","Asian","A no further action disposal","","False","","False","Mixed/Multiple ethnic groups - Any other Mixed/Multiple ethnic background","Person search"
"18-24","2026-06-27T20:05:00+00:00","Male","51.507079","Misuse of Drugs Act 1971 (section 23)","-0.631976","Controlled drugs","Asian","Community resolution","True","False","","False","Mixed/Multiple ethnic groups - Any other Mixed/Multiple ethnic background","Person search"
"25-34","2026-06-27T21:30:00+00:00","Male","51.506541","Misuse of Drugs Act 1971 (section 23)","-0.585796","Controlled drugs","White","Community resolution","True","False","","False","White - English/Welsh/Scottish/Northern Irish/British","Person search"
"25-34","2026-06-27T23:09:00+00:00","Male","51.406699","Police and Criminal Evidence Act 1984 (section 1)","-1.325358","Article for use in theft","White","A no further action disposal","","False","","False","White - English/Welsh/Scottish/Northern Irish/British","Person search"
"18-24","2026-06-27T23:35:00+00:00","Male","51.629473","Misuse of Drugs Act 1971 (section 23)","-0.751033","Controlled drugs","White","Community resolution","True","False","","False","White - English/Welsh/Scottish/Northern Irish/British","Person search"
"18-24","2026-06-27T23:44:00+00:00","Male","51.629473","Misuse of Drugs Act 1971 (section 23)","-0.751033","Controlled drugs","White","Community resolution","True","False","","False","White - English/Welsh/Scottish/Northern Irish/British","Person search"
"25-34","2026-06-28T00:58:00+00:00","Male","52.066507","Police and Criminal Evidence Act 1984 (section 1)","-0.809765","Offensive weapons","White","A no further action disposal","","False","","False","White - English/Welsh/Scottish/Northern Irish/British","Person search"
"25-34","2026-06-28T01:00:00+00:00","Male","52.066507","Misuse of Drugs Act 1971 (section 23)","-0.809765","Controlled drugs","White","A no further action disposal","","False","","False","White - English/Welsh/Scottish/Northern Irish/British","Person search"
"18-24","2026-06-28T01:00:00+00:00","Male","52.066507","Police and Criminal Evidence Act 1984 (section 1)","-0.809765","Offensive weapons","White","A no further action disposal","","False","","False","White - English/Welsh/Scottish/Northern Irish/British","Person search"
"18-24","2026-06-28T01:00:00+00:00","Male","52.041456","Police and Criminal Evidence Act 1984 (section 1)","-0.766689","Offensive weapons","Black","A no further action disposal","","False","","False","Other ethnic group - Not stated","Person search"
"18-24","2026-06-28T01:39:00+00:00","Male","51.821406","Police and Criminal Evidence Act 1984 (section 1)","-0.832223","Article for use in theft","Asian","A no further action disposal","","False","","False","Mixed/Multiple ethnic groups - White and Asian","Person search"
"18-24","2026-06-28T01:45:00+00:00","Male","51.821406","Police and Criminal Evidence Act 1984 (section 1)","-0.832223","Article for use in theft","Asian","A no further action disposal","","False","","False","Asian/Asian British - Pakistani","Person search"
"18-24","2026-06-28T01:45:00+00:00","Male","51.821406","Police and Criminal Evidence Act 1984 (section 1)","-0.832223","Article for use in theft","Asian","A no further action disposal","","False","","False","Asian/Asian British - Pakistani","Person search"
"18-24","2026-06-28T01:45:00+00:00","Male","51.482534","Police and Criminal Evidence Act 1984 (section 1)","-0.609308","Offensive weapons","Asian","A no further action disposal","","False","","False","Other ethnic group - Not stated","Person search"
"25-34","2026-06-28T02:46:00+00:00","Male","52.045223","Misuse of Drugs Act 1971 (section 23)","-0.757268","Controlled drugs","Asian","A no further action disposal","","False","","False","Asian/Asian British - Pakistani","Person and Vehicle search"
"10-17","2026-06-28T03:13:00+00:00","Male","51.458663","Misuse of Drugs Act 1971 (section 23)","-1.002553","Controlled drugs","White","A no further action disposal","","False","","False","Other ethnic group - Not stated","Person and Vehicle search"
"","2026-06-28T03:46:00+00:00","","52.041456","Misuse of Drugs Act 1971 (section 23)","-0.766689","Controlled drugs","","","","False","","","","Vehicle search"
"25-34","2026-06-28T04:16:00+00:00","Male","52.047012","Misuse of Drugs Act 1971 (section 23)","-0.752960","Controlled drugs","Asian","A no further action disposal","","False","","False","Asian/Asian British - Pakistani","Person search"
"over 34","2026-06-28T04:16:00+00:00","Male","52.047012","Misuse of Drugs Act 1971 (section 23)","-0.752960","Controlled drugs","Asian","A no further action disposal","","False","","False","Asian/Asian British - Pakistani","Person search"
"","2026-06-28T04:45:00+00:00","","52.047012","Misuse of Drugs Act 1971 (section 23)","-0.752960","Controlled drugs","","","","False","","","","Vehicle search"
"over 34","2026-06-28T06:53:00+00:00","Male","51.705320","Misuse of Drugs Act 1971 (section 23)","-0.611041","Controlled drugs","White","A no further action disposal","","False","","False","White - Any other White background","Person search"
"18-24","2026-06-28T07:23:00+00:00","Male","51.464376","Misuse of Drugs Act 1971 (section 23)","-1.015934","Controlled drugs","White","A no further action disposal","","False","","False","White - Any other White background","Person and Vehicle search"
"18-24","2026-06-28T07:30:00+00:00","Male","51.715168","Misuse of Drugs Act 1971 (section 23)","-1.205489","Controlled drugs","Other","Community resolution","True","False","","False","Asian/Asian British - Any other Asian background","Person search"
"over 34","2026-06-28T10:00:00+00:00","Male","51.595237","Misuse of Drugs Act 1971 (section 23)","-1.431118","Controlled drugs","White","Arrest","True","False","","False","Other ethnic group - Not stated","Person search"
"over 34","2026-06-28T10:10:00+00:00","Male","51.594552","Misuse of Drugs Act 1971 (section 23)","-1.428831","Controlled drugs","White","A no further action disposal","","False","","False","Other ethnic group - Not stated","Person search"
"18-24","2026-06-28T11:30:00+00:00","Male","51.628820","Misuse of Drugs Act 1971 (section 23)","-0.749635","Controlled drugs","Asian","Summons / charged by post","True","False","","False","Other ethnic group - Not stated","Person and Vehicle search"
"over 34","2026-06-28T12:00:00+00:00","Male","52.042761","Misuse of Drugs Act 1971 (section 23)","-0.749754","Controlled drugs","White","A no further action disposal","","False","","False","White - English/Welsh/Scottish/Northern Irish/British","Person and Vehicle search"
"25-34","2026-06-28T12:17:00+00:00","Female","51.703960","Misuse of Drugs Act 1971 (section 23)","-0.615380","Controlled drugs","Other","Community resolution","True","False","","False","Other ethnic group - Any other ethnic group","Person search"
"over 34","2026-06-28T13:10:00+00:00","Male","52.010697","Misuse of Drugs Act 1971 (section 23)","-0.736393","Controlled drugs","White","A no further action disposal","","False","","False","Mixed/Multiple ethnic groups - White and Black Caribbean","Person search"
"25-34","2026-06-28T13:11:00+00:00","Male","52.010697","Misuse of Drugs Act 1971 (section 23)","-0.736393","Controlled drugs","White","A no further action disposal","","False","","False","Other ethnic group - Not stated","Person search"
"18-24","2026-06-28T14:15:00+00:00","Male","51.618017","Misuse of Drugs Act 1971 (section 23)","-0.759465","Controlled drugs","Asian","A no further action disposal","","False","","True","Other ethnic group - Not stated","Person search"
"10-17","2026-06-28T14:30:00+00:00","Male","51.396102","Misuse of Drugs Act 1971 (section 23)","-1.066412","Controlled drugs","White","Community resolution","True","False","","False","White - English/Welsh/Scottish/Northern Irish/British","Person search"
"10-17","2026-06-28T14:50:00+00:00","Male","51.508971","Police and Criminal Evidence Act 1984 (section 1)","-0.633807","Offensive weapons","Asian","A no further action disposal","","False","","False","Asian/Asian British - Indian","Person search"
"25-34","2026-06-28T15:00:00+00:00","Male","51.520540","Police and Criminal Evidence Act 1984 (section 1)","-0.720432","Article for use in theft","White","Arrest","True","False","","False","Other ethnic group - Not stated","Person search"
"18-24","2026-06-28T16:04:00+00:00","Male","51.976950","Misuse of Drugs Act 1971 (section 23)","-0.722540","Controlled drugs","White","Community resolution","True","False","","False","White - English/Welsh/Scottish/Northern Irish/British","Person search"
"10-17","2026-06-28T16:08:00+00:00","Male","51.815870","Police and Criminal Evidence Act 1984 (section 1)","-0.816321","Offensive weapons","Black","A no further action disposal","","False","","False","Other ethnic group - Not stated","Person search"
"10-17","2026-06-28T16:08:00+00:00","Male","51.815870","Police and Criminal Evidence Act 1984 (section 1)","-0.816321","Offensive weapons","Asian","A no further action disposal","","False","","False","Mixed/Multiple ethnic groups - White and Black African","Person search"
"10-17","2026-06-28T16:08:00+00:00","Male","51.815870","Police and Criminal Evidence Act 1984 (section 1)","-0.816321","Offensive weapons","White","A no further action disposal","","False","","False","Other ethnic group - Not stated","Person search"
"10-17","2026-06-28T16:08:00+00:00","Male","51.815870","Police and Criminal Evidence Act 1984 (section 1)","-0.816321","Offensive weapons","White","A no further action disposal","","False","","False","White - Any other White background","Person search"
"10-17","2026-06-28T16:08:00+00:00","Male","51.815870","Police and Criminal Evidence Act 1984 (section 1)","-0.816321","Offensive weapons","White","A no further action disposal","","False","","False","White - Any other White background","Person search"
"10-17","2026-06-28T16:08:00+00:00","Male","","Police and Criminal Evidence Act 1984 (section 1)","","Offensive weapons","Black","A no further action disposal","","False","","False","Other ethnic group - Not stated","Person search"
"18-24","2026-06-28T16:30:00+00:00","Male","51.450912","Misuse of Drugs Act 1971 (section 23)","-0.991022","Controlled drugs","Black","A no further action disposal","","False","","False","Other ethnic group - Not stated","Person and Vehicle search"
"18-24","2026-06-28T17:12:00+00:00","Male","51.422581","Misuse of Drugs Act 1971 (section 23)","-0.850569","Controlled drugs","White","Community resolution","True","False","","False","White - English/Welsh/Scottish/Northern Irish/British","Person search"
"over 34","2026-06-28T17:20:00+00:00","Male","51.939452","Police and Criminal Evidence Act 1984 (section 1)","-1.546480","Offensive weapons","White","A no further action disposal","","False","","False","White - Any other White background","Person search"
"18-24","2026-06-28T17:25:00+00:00","Male","52.033542","Police and Criminal Evidence Act 1984 (section 1)","-0.771688","Stolen goods","White","A no further action disposal","","False","","False","White - English/Welsh/Scottish/Northern Irish/British","Person search"
"18-24","2026-06-28T17:25:00+00:00","Male","52.033542","Police and Criminal Evidence Act 1984 (section 1)","-0.771688","Stolen goods","White","A no further action disposal","","False","","False","White - English/Welsh/Scottish/Northern Irish/British","Person search"
"25-34","2026-06-28T17:25:00+00:00","Male","52.050427","Police and Criminal Evidence Act 1984 (section 1)","-0.754586","Offensive weapons","Black","A no further action disposal","","False","","False","Black/African/Caribbean/Black British - African","Person search"
"over 34","2026-06-28T18:00:00+00:00","Female","51.745466","Police and Criminal Evidence Act 1984 (section 1)","-1.230755","Offensive weapons","Asian","A no further action disposal","","False","","False","Other ethnic group - Not stated","Person search"
"10-17","2026-06-28T18:00:00+00:00","Male","51.749081","Police and Criminal Evidence Act 1984 (section 1)","-1.201143","Stolen goods","Black","A no further action disposal","","False","","False","Black/African/Caribbean/Black British - African","Person search"
"10-17","2026-06-28T18:02:00+00:00","Male","51.749157","Police and Criminal Evidence Act 1984 (section 1)","-1.200432","Stolen goods","Black","Community resolution","True","False","","False","Black/African/Caribbean/Black British - African","Person search"
"10-17","2026-06-28T18:30:00+00:00","Male","51.749994","Police and Criminal Evidence Act 1984 (section 1)","-1.203271","Stolen goods","Black","A no further action disposal","","False","","False","Black/African/Caribbean/Black British - Caribbean","Person search"
"18-24","2026-06-28T18:47:00+00:00","Male","51.589768","Misuse of Drugs Act 1971 (section 23)","-1.447483","Controlled drugs","White","Community resolution","True","False","","False","White - English/Welsh/Scottish/Northern Irish/British","Person and Vehicle search"
"10-17","2026-06-28T20:04:00+00:00","Male","51.749081","Police and Criminal Evidence Act 1984 (section 1)","-1.201143","Stolen goods","White","A no further action disposal","","False","","False","White - English/Welsh/Scottish/Northern Irish/British","Person search"
"18-24","2026-06-28T20:35:00+00:00","Female","51.613980","Police and Criminal Evidence Act 1984 (section 1)","-1.428457","Offensive weapons","White","A no further action disposal","","False","","False","White - English/Welsh/Scottish/Northern Irish/British","Person search"
"18-24","2026-06-28T21:13:00+00:00","Male","51.625938","Misuse of Drugs Act 1971 (section 23)","-0.779056","Controlled drugs","Asian","A no further action disposal","","False","","False","Other ethnic group - Not stated","Person and Vehicle search"
"10-17","2026-06-28T22:25:00+00:00","Male","52.038353","Misuse of Drugs Act 1971 (section 23)","-0.764937","Controlled drugs","White","Khat or Cannabis warning","True","False","","False","White - English/Welsh/Scottish/Northern Irish/British","Person search"
"over 34","2026-06-28T23:02:00+00:00","Male","51.806864","Police and Criminal Evidence Act 1984 (section 1)","-0.815701","Stolen goods","White","A no further action disposal","","False","","False","White - English/Welsh/Scottish/Northern Irish/British","Person search"
"","2026-06-28T23:50:00+00:00","Male","51.513992","Police and Criminal Evidence Act 1984 (section 1)","-0.591560","Stolen goods","White","A no further action disposal","","False","","False","White - English/Welsh/Scottish/Northern Irish/British","Person search"
"18-24","2026-06-28T23:58:00+00:00","Male","51.597428","Police and Criminal Evidence Act 1984 (section 1)","-1.246915","Offensive weapons","White","A no further action disposal","","False","","False","White - English/Welsh/Scottish/Northern Irish/British","Person search"
"25-34","2026-06-29T00:12:00+00:00","Male","51.513992","Police and Criminal Evidence Act 1984 (section 1)","-0.591560","Stolen goods","White","A no further action disposal","","False","","False","White - English/Welsh/Scottish/Northern Irish/British","Person search"
"18-24","2026-06-29T00:50:00+00:00","Male","51.457738","Misuse of Drugs Act 1971 (section 23)","-0.992210","Controlled drugs","Asian","A no further action disposal","","False","","False","Other ethnic group - Not stated","Person search"
"","2026-06-29T01:00:00+00:00","Male","51.460783","Misuse of Drugs Act 1971 (section 23)","-1.008696","Controlled drugs","Asian","A no further action disposal","","False","","False","Other ethnic group - Not stated","Person search"
"over 34","2026-06-29T01:00:00+00:00","Male","","Misuse of Drugs Act 1971 (section 23)","","Controlled drugs","White","Community resolution","True","False","","False","White - English/Welsh/Scottish/Northern Irish/British","Person search"
"over 34","2026-06-29T02:49:00+00:00","Male","","Misuse of Drugs Act 1971 (section 23)","","Controlled drugs","White","A no further action disposal","","False","","False","White - English/Welsh/Scottish/Northern Irish/British","Person search"
"over 34","2026-06-29T02:50:00+00:00","Male","","Misuse of Drugs Act 1971 (section 23)","","Controlled drugs","White","A no further action disposal","","False","","False","White - Any other White background","Person search"
"25-34","2026-06-29T07:42:00+00:00","Male","52.111064","Misuse of Drugs Act 1971 (section 23)","-0.431375","Controlled drugs","Black","Arrest","True","False","","False","Other ethnic group - Not stated","Person search"
"over 34","2026-06-29T10:00:00+00:00","Male","51.663258","Misuse of Drugs Act 1971 (section 23)","-1.298308","Controlled drugs","White","Arrest","True","False","","False","White - Any other White background","Person and Vehicle search"
"18-24","2026-06-29T11:25:00+00:00","Male","51.400535","Misuse of Drugs Act 1971 (section 23)","-1.251949","Controlled drugs","White","Arrest","True","False","","False","White - English/Welsh/Scottish/Northern Irish/British","Person search"
"25-34","2026-06-29T11:55:00+00:00","Male","51.456068","Police and Criminal Evidence Act 1984 (section 1)","-0.975839","Offensive weapons","Asian","A no further action disposal","","False","","False","Asian/Asian British - Any other Asian background","Person search"
"over 34","2026-06-29T12:00:00+00:00","Male","51.453214","Police and Criminal Evidence Act 1984 (section 1)","-0.949062","Stolen goods","White","A no further action disposal","","False","","False","White - English/Welsh/Scottish/Northern Irish/British","Person search"
"18-24","2026-06-29T13:44:00+00:00","Male","51.906399","Misuse of Drugs Act 1971 (section 23)","-1.162321","Controlled drugs","White","A no further action disposal","","False","","False","White - English/Welsh/Scottish/Northern Irish/British","Person and Vehicle search"
"25-34","2026-06-29T13:50:00+00:00","Male","51.906027","Misuse of Drugs Act 1971 (section 23)","-1.163858","Controlled drugs","White","A no further action disposal","","False","","False","Other ethnic group - Not stated","Person search"
"18-24","2026-06-29T14:05:00+00:00","Male","51.741731","Misuse of Drugs Act 1971 (section 23)","-1.223490","Controlled drugs","White","Arrest","True","False","","False","White - Any other White background","Person search"
"over 34","2026-06-29T14:16:00+00:00","Male","51.816862","Police and Criminal Evidence Act 1984 (section 1)","-0.816599","Stolen goods","White","A no further action disposal","","False","","False","White - English/Welsh/Scottish/Northern Irish/British","Person search"
"18-24","2026-06-29T14:55:00+00:00","Male","51.749081","Police and Criminal Evidence Act 1984 (section 1)","-1.201143","Offensive weapons","White","A no further action disposal","","False","","False","White - English/Welsh/Scottish/Northern Irish/British","Person search"
"25-34","2026-06-29T16:17:00+00:00","Female","52.020347","Misuse of Drugs Act 1971 (section 23)","-0.731389","Controlled drugs","White","A no further action disposal","","False","","False","White - English/Welsh/Scottish/Northern Irish/British","Person search"
"over 34","2026-06-29T17:25:00+00:00","Male","51.501440","Police and Criminal Evidence Act 1984 (section 1)","-0.567109","Stolen goods","White","A no further action disposal","","False","","False","Asian/Asian British - Indian","Person search"
"18-24","2026-06-29T18:54:00+00:00","Male","51.455617","Police and Criminal Evidence Act 1984 (section 1)","-0.896444","Offensive weapons","White","Arrest","True","False","","False","White - English/Welsh/Scottish/Northern Irish/British","Person and Vehicle search"
"","2026-06-29T18:55:00+00:00","Male","51.458975","Police and Criminal Evidence Act 1984 (section 1)","-0.899703","Offensive weapons","White","Arrest","True","False","","False","Other ethnic group - Not stated","Person and Vehicle search"
"25-34","2026-06-29T19:55:00+00:00","Female","51.791225","Police and Criminal Evidence Act 1984 (section 1)","-1.489044","Offensive weapons","White","A no further action disposal","","False","","False","White - English/Welsh/Scottish/Northern Irish/British","Person search"
"","2026-06-29T21:10:00+00:00","Male","52.042595","Police and Criminal Evidence Act 1984 (section 1)","-0.758005","Offensive weapons","White","A no further action disposal","","False","","False","Other ethnic group - Not stated","Person search"
"25-34","2026-06-29T22:20:00+00:00","Male","51.978003","Misuse of Drugs Act 1971 (section 23)","-0.734304","Controlled drugs","White","Community resolution","True","False","","False","White - English/Welsh/Scottish/Northern Irish/British","Person and Vehicle search"
"","2026-06-29T23:15:00+00:00","Male","52.060556","Police and Criminal Evidence Act 1984 (section 1)","-1.338806","Offensive weapons","White","Arrest","True","False","","False","Other ethnic group - Not stated","Person search"
"18-24","2026-06-30T00:00:00+00:00","Female","","Police and Criminal Evidence Act 1984 (section 1)","","Offensive weapons","White","A no further action disposal","","False","","False","White - English/Welsh/Scottish/Northern Irish/British","Person search"
"over 34","2026-06-30T00:58:00+00:00","Male","51.672039","Police and Criminal Evidence Act 1984 (section 1)","-0.568081","Article for use in theft","White","A no further action disposal","","False","","False","White - English/Welsh/Scottish/Northern Irish/British","Person search"
"25-34","2026-06-30T01:32:00+00:00","Male","52.038803","Police and Criminal Evidence Act 1984 (section 1)","-0.772681","Article for use in theft","White","A no further action disposal","","False","","False","White - Any other White background","Person search"
"18-24","2026-06-30T07:54:00+00:00","Male","51.620289","Police and Criminal Evidence Act 1984 (section 1)","-0.723926","Article for use in theft","Asian","A no further action disposal","","False","","False","Asian/Asian British - Pakistani","Person search"
"10-17","2026-06-30T11:01:00+00:00","Male","","Misuse of Drugs Act 1971 (section 23)","","Controlled drugs","Black","Community resolution","True","False","","False","Mixed/Multiple ethnic groups - Any other Mixed/Multiple ethnic background","Person search"
"18-24","2026-06-30T11:03:00+00:00","Male","51.486212","Misuse of Drugs Act 1971 (section 23)","-0.609340","Controlled drugs","Black","Community resolution","True","False","","False","Mixed/Multiple ethnic groups - White and Asian","Person search"
"10-17","2026-06-30T11:03:00+00:00","Male","51.486212","Misuse of Drugs Act 1971 (section 23)","-0.609340","Controlled drugs","Black","A no further action disposal","","True","","False","Black/African/Caribbean/Black British - Caribbean","Person search"
"18-24","2026-06-30T11:03:00+00:00","Male","51.484531","Misuse of Drugs Act 1971 (section 23)","-0.608628","Controlled drugs","White","A no further action disposal","","False","","False","White - English/Welsh/Scottish/Northern Irish/British","Person search"
"18-24","2026-06-30T12:30:00+00:00","Male","51.732050","Misuse of Drugs Act 1971 (section 23)","-1.215735","Controlled drugs","White","Community resolution","True","False","","False","White - English/Welsh/Scottish/Northern Irish/British","Person search"
"over 34","2026-06-30T12:40:00+00:00","Male","51.511379","Police and Criminal Evidence Act 1984 (section 1)","-0.600100","Offensive weapons","Asian","A no further action disposal","","False","","False","Other ethnic group - Not stated","Person search"
"over 34","2026-06-30T12:40:00+00:00","Male","51.511379","Police and Criminal Evidence Act 1984 (section 1)","-0.600100","Offensive weapons","Asian","A no further action disposal","","False","","False","Other ethnic group - Not stated","Person search"
"over 34","2026-06-30T12:40:00+00:00","Male","51.511379","Police and Criminal Evidence Act 1984 (section 1)","-0.600100","Offensive weapons","White","A no further action disposal","","False","","False","Other ethnic group - Not stated","Person search"
"18-24","2026-06-30T13:25:00+00:00","Male","51.622464","Misuse of Drugs Act 1971 (section 23)","-0.786617","Controlled drugs","White","A no further action disposal","","False","","False","White - Any other White background","Person search"
"10-17","2026-06-30T14:35:00+00:00","Male","51.512436","Misuse of Drugs Act 1971 (section 23)","-0.640303","Controlled drugs","White","A no further action disposal","","True","","False","White - English/Welsh/Scottish/Northern Irish/British","Person search"
"over 34","2026-06-30T15:24:00+00:00","Male","51.814983","Misuse of Drugs Act 1971 (section 23)","-0.828225","Controlled drugs","White","A no further action disposal","","False","","False","White - English/Welsh/Scottish/Northern Irish/British","Person and Vehicle search"
"over 34","2026-06-30T15:25:00+00:00","Male","51.637273","Police and Criminal Evidence Act 1984 (section 1)","-0.774474","Offensive weapons","White","Arrest","True","False","","False","White - English/Welsh/Scottish/Northern Irish/British","Person search"
"18-24","2026-06-30T16:15:00+00:00","Male","51.454809","Police and Criminal Evidence Act 1984 (section 1)","-0.975896","Stolen goods","White","A no further action disposal","","False","","False","Other ethnic group - Not stated","Person search"
"","2026-06-30T17:20:00+00:00","Male","51.455486","Police and Criminal Evidence Act 1984 (section 1)","-0.970009","Stolen goods","Black","A no further action disposal","","False","","False","Other ethnic group - Not stated","Person search"
"10-17","2026-06-30T18:30:00+00:00","Male","51.533230","Police and Criminal Evidence Act 1984 (section 1)","-0.621402","Offensive weapons","Black","A no further action disposal","","True","","False","Other ethnic group - Not stated","Person search"
"10-17","2026-06-30T18:45:00+00:00","Female","51.507187","Misuse of Drugs Act 1971 (section 23)","-0.597664","Controlled drugs","Black","A no further action disposal","","False","","False","Other ethnic group - Not stated","Person search"
"10-17","2026-06-30T18:56:00+00:00","Male","51.414957","Police and Criminal Evidence Act 1984 (section 1)","-0.757319","Articles for use in criminal damage","White","A no further action disposal","","False","","False","White - English/Welsh/Scottish/Northern Irish/British","Person search"
"over 34","2026-06-30T19:00:00+00:00","Male","51.814983","Police and Criminal Evidence Act 1984 (section 1)","-0.828225","Stolen goods","White","A no further action disposal","","False","","False","White - English/Welsh/Scottish/Northern Irish/British","Person search"
"","2026-06-30T19:00:00+00:00","Male","51.414666","Police and Criminal Evidence Act 1984 (section 1)","-0.752739","Article for use in theft","White","A no further action disposal","","False","","False","White - English/Welsh/Scottish/Northern Irish/British","Person search"
"10-17","2026-06-30T19:07:00+00:00","Male","51.414666","Police and Criminal Evidence Act 1984 (section 1)","-0.752739","Articles for use in criminal damage","White","A no further action disposal","","False","","False","White - English/Welsh/Scottish/Northern Irish/British","Person search"
"25-34","2026-06-30T19:22:00+00:00","Female","52.022502","Police and Criminal Evidence Act 1984 (section 1)","-0.734418","Stolen goods","White","Arrest","True","False","","False","White - English/Welsh/Scottish/Northern Irish/British","Person search"
"10-17","2026-06-30T19:30:00+00:00","Female","51.414666","Police and Criminal Evidence Act 1984 (section 1)","-0.752739","Articles for use in criminal damage","White","A no further action disposal","","False","","False","White - English/Welsh/Scottish/Northern Irish/British","Person search"
"over 34","2026-06-30T21:05:00+00:00","Male","51.439422","Misuse of Drugs Act 1971 (section 23)","-0.910791","Controlled drugs","White","Community resolution","True","False","","False","White - English/Welsh/Scottish/Northern Irish/British","Person and Vehicle search"
"10-17","2026-06-30T21:39:00+00:00","Male","51.719442","Police and Criminal Evidence Act 1984 (section 1)","-1.197988","Offensive weapons","White","A no further action disposal","","False","","False","Other ethnic group - Not stated","Person search"
"10-17","2026-06-30T21:47:00+00:00","Male","51.898213","Police and Criminal Evidence Act 1984 (section 1)","-1.152953","Stolen goods","Black","A no further action disposal","","False","","False","Black/African/Caribbean/Black British - African","Person search"
"over 34","2026-06-30T21:49:00+00:00","Male","51.536665","Misuse of Drugs Act 1971 (section 23)","-0.904579","Controlled drugs","White","A no further action disposal","","False","","False","White - English/Welsh/Scottish/Northern Irish/British","Person search"
"10-17","2026-06-30T21:55:00+00:00","Male","","Police and Criminal Evidence Act 1984 (section 1)","","Offensive weapons","White","A no further action disposal","","False","","False","White - English/Welsh/Scottish/Northern Irish/British","Person search"
"10-17","2026-06-30T21:55:00+00:00","Male","","Police and Criminal Evidence Act 1984 (section 1)","","Offensive weapons","White","A no further action disposal","","False","","False","Other ethnic group - Not stated","Person search"
"10-17","2026-06-30T21:55:00+00:00","Male","","Police and Criminal Evidence Act 1984 (section 1)","","Offensive weapons","Black","A no further action disposal","","False","","False","Other ethnic group - Not stated","Person search"
"25-34","2026-06-30T21:55:00+00:00","Male","","Police and Criminal Evidence Act 1984 (section 1)","","Offensive weapons","White","A no further action disposal","","False","","False","White - English/Welsh/Scottish/Northern Irish/British","Person search"
